MP,0,0,0,0,0,0,0,0,0,0,0,0,0,0,0,0,0,0,0,0,0,0,0,0,0,0,0,0,0,0,0,0,0,0,0,0,0,0,0,0,0,0,0,0,0,0,0,0,0,0,0,0,0,0,0,0,0,0,0,0,0,0,0,0,0,0,0,0,0,0,0,0,0,0,0,0,0,0,0,0,0,0,0,0,0,0,0,0,0,0,0,0,0,0,0,0,0,0,0,0,0,0,0,0,0,0,0,0,0,0,0,0,0,0,0,0,0,0,0,0,0,0,0,0,0,0,0,0,0,0,0,0,0,0,0,0,0,0,0,0,0,0,0,0,0,0,0,0,0,0,0,0,0,0,0,0,0,0,0,0,0,0,0,0,0,0,0,0,0,0,0,0,0,0,0,0,0,0,0,0,0,0,0,0,0,0,0,0,0,0,0,0,0,0,0,0,0,0,0,0,0,0,0,0,0,0,0,0,0,0,0,0,0,0,0,0,0,0,0,0,0,0,0,0,0,0,0,0,0,0,0,0,0,0,0,0,0,0,0,0,0,0,0,0,0,0,0,0,0,0,0,0,0,0,0,0,0,0,0,0,0,0,0,0,0,0,0,0,0,0,0,0,0,0,0,0,0,0,0,0,0,0,0,0,0,0,0,0,0,0,0,0,0,0,0,0,0,0,0,0,0,0,0,0,0,0,0,0,0,0,0,0,0,0,0,0,0,0,0,0,0,0,0,0,0,0,0,0,0,0,0,0,0,0,0,0,0,0,0,0,0,0,0,0,0,0,0,0,0,0,0,0,0,0,0,0,0,0,0,0,0,0,0,0,0,0,0,0,0,0,0,0,0,0,0,0,0,0,0,0,0,0,0,0,0,0,0,0,0,0,0,0,0,0,0,0,0,0,261.8724365234375,0,0,0,0,0,0,0,0,0,0,0,0,0,0,0,0,0,0,0,0,0,0,0,0,0,0,0,0,0,0,0,0,0,0,0,0,0,0,0,0,0,0,0,0,0,0,481.62127685546875,0,0,0,0,0,0,0,0,0,0,0,0,0,0,0,0,0,0,0,0,0,0,0,0,0,0,0,0,0,0,0,0,0,0,0,0,0,0,0,0,0,0,0,0,0,0,0,0,0,0,0,0,0,0,0,0,0,0,0,0,0,0,0,0,0,0,0,0,0,0,0,0,0,0,0,0,0,0,0,0,0,0,0,0,0,0,0,0,0,0,0,0,0,0,0,0,0,0,0,0,0,0,0,0,0,0,0,0,0,0,0,0,0,0,0,0,0,0,0,0,0,0,0,0,0,0,0,0,0,0,0,0,0,0,0,0,0,0,0,0,0,0,317.8979187011719,0,0,0,0,0,0,0,0,0,0,0,0,0,0,0,0,0,0,0,0,0,0,0,0,0,0,0,0,0,0,0,0,0,0,0,0,0,0,0,0,0,0,0,0,0,0,0,0,0,0,0,0,0,0,0,0,0,0,0,0,0,0,0,0,0,0,0,0,0,0,0,0,0,0,0,0,0,0,0,0,0,0,0,0,0,0,0,0,0,0,0,0,0,0,0,0,0,0,0,0,0,0,0,0,0,0,0,0,0,0,0,0,0,0,0,0,0,0,0,0,0,0,0,0,0,0,0,121.3560791015625,0,0,0,0,0,0,0,0,0,0,0,0,0,0,0,0,0,0,0,0,0,0,0,0,0,0,0,0,0,0,0,0,0,0,0,0,0,0,0,0,0,0,0,0,0,0,0,0,0,0,0,0,0,0,0,0,0,0,0,0,0,0,0,0,0,0,0,0,0,0,0,0,0,0,0,0,0,0,0,0,0,0,0,0,0,0,0,0,0,0,0,0,0,0,0,0,0,0,0,0,0,0,0,0,0,0,0,0,0,0,0,0,0,0,0,0,0,0,0,0,0,0,0,0,0,0,0,0,0,0,0,0,0,0,0,0,0,0,0,0,0,0,0,0,0,0,0,0,0,0,0,0,0,0,0,0,0,0,0,0,0,0,0,0,0,0,0,0,0,0,0,0,0,0,0,0,0,0,0,0,0,0,0,0,0,0,0,0,0,0,0,0,0,0,0,0,0,0,0,0,0,0,0,0,0,0,0,0,0,0,0,0,0,0,0,0,0,0,0,0,0,0,0,0,0,0,0,0,0,0,0,0,0,0,0,125.85093688964844,0,0,0,0,0,0,0,0,0,0,0,0,0,0,0,0,0,0,0,0,0,0,0,0,0,0,0,0,0,0,0,0,0,0,351.7416763305664,0,0,0,0,0,0,0,0,0,0,0,0
PM,3931.0,1924.0,0,0,0,0,4530.0,4245.0,0,0,0,6611.0,6735.0,875.0,5506.0,0,5031.0,0,0,3801.0,8846.0,8872.0,0,3408.0,0,0,0,6356.0,4107.0,2029.0,0,0,0,0,9952.0,0,3812.0,981.5,4363.0,0,7461.0,0,0,0,0,0,6415.0,7179.0,5487.0,1998.0,0,2434.0,0,0,0,8118.0,0,1120.0,0,0,0,2549.0,3197.0,10144.0,1634.0,940.25,0,0,0,0,0,0,0,0,10834.0,0,0,6258.0,0,0,0,0,0,3140.0,3596.0,10633.0,0,7978.0,6661.0,485.0,4561.0,0,0,0,0,0,1019.0,7322.0,0,4740.0,6039.0,0,0,0,2946.0,0,10383.0,0,0,8134.0,0,7301.0,0,8210.0,0,1357.0,6634.0,0,8345.0,2406.0,1311.0,1144.0,0,5688.0,0,801.0,10533.0,0,0,0,0,0,7992.0,5025.0,1392.0,0,4554.0,10629.0,0,4192.0,962.0,0,0,0,6648.0,10171.0,0,6142.0,8064.0,0,0,10878.0,964.0,470.0,1221.0,1996.0,0,0,935.0,0,0,0,0,6306.0,8167.0,0,7720.0,0,0,943.0,1831.0,7237.0,7488.0,1208.0,5319.0,0,0,0,0,0,0,9368.0,6841.0,0,0,4521.0,998.0,6115.0,0,11001.0,0,5918.0,6736.0,0,3068.0,9283.0,3295.0,2304.0,2526.0,0,3180.0,0,0,2199.0,0,8867.0,0,0,0,0,0,3939.0,0,0,1227.0,0,2658.0,0,0,7397.0,0,9670.0,0,2676.0,7131.0,4772.0,1342.0,11276.0,5945.0,0,0,4930.0,7664.0,0,4992.0,5551.0,1307.0,3203.0,0,5138.0,0,0,0,0,0,3841.0,1759.0,8780.0,4481.0,0,0,0,0,10874.0,0,0,0,0,0,4648.0,0,946.0,0,0,10681.0,0,10901.0,0,0,0,0,0,0,8877.0,0,8443.0,1045.0,0,0,0,0,8421.0,0,0,7279.0,0,6423.0,0,10037.0,8027.0,1856.0,4764.0,2231.0,0,10455.0,6525.0,0,3151.0,0,9482.0,0,3434.0,0,0,0,2566.0,1131.0,9414.0,0,2532.0,4552.0,0,0,0,0,4257.0,10095.0,3781.0,5085.0,0,3850.0,7292.0,0,0,0,0,0,3882.0,0,0,0,1260.0,0,2894.0,727.0,1141.0,7235.0,0,11302.0,0,3283.0,10121.0,0,0,0,0,0,0,7654.0,0,0,2272.0,0,0,6670.0,1324.0,0,1140.0,0,0,4864.0,0,6892.0,7800.0,0,961.0,0,3767.0,0,4535.0,0,0,0,0,0,0,11833.0,8005.0,5918.0,3858.0,0,0,0,0,0,0,824.0,0,0,8645.0,0,7622.0,1174.0,6196.0,6532.0,7342.0,0,0,0,0,5006.0,0,0,0,2405.0,0,0,4848.0,0,0,5440.0,0,0,6540.0,8031.0,0,0,4954.0,0,6276.0,0,2941.0,629.0,4115.0,4799.0,2026.0,1282.0,0,3797.0,0,0,0,0,12293.0,8271.0,0,10131.0,0,0,0,0,2835.0,0,6793.0,0,704.0,0,2759.0,0,0,0,2886.0,0,1873.0,7035.0,0,5043.0,0,3512.0,6966.0,0,0,0,2996.0,0,7390.0,0,0,0,1754.0,0,1822.0,1202.0,0,0,8827.0,0,0,0,0,0,0,2152.0,0,0,3642.0,0,1210.0,0,0,6426.0,0,10813.0,0,9728.0,0,3912.0,0,0,2176.0,0,3794.0,7678.0,0,7244.0,5134.0,8788.0,1008.0,1221.0,0,0,0,3595.0,0,0,14005.0,0,9405.0,0,5440.0,9047.0,0,3408.0,0,0,0,7098.0,8051.0,0,0,933.0,0,0,3048.0,403.0,0,2258.0,0,0,0,0,0,0,0,0,0,0,0,0,9860.0,7421.0,0,0,4519.0,0,0,3655.0,0,0,0,0,1131.0,0,8800.0,0,0,0,0,5181.0,0,2269.0,0,0,0,0,0,2969.0,7926.0,8915.0,0,1917.0,0,3238.0,9900.0,2165.0,0,0,0,0,13689.0,10575.0,7589.0,0,6979.0,2036.0,935.0,0,5168.0,1388.0,0,0,3458.0,7528.0,0,5400.0,0,2082.0,1324.0,3912.0,0,0,0,0,0,0,9439.0,0,0,0,1235.0,2450.0,9444.0,5592.0,6945.0,0,932.0,0,0,0,4354.0,0,5686.0,3121.0,0,0,0,6840.0,0,0,8793.0,2074.0,14358.0,6653.0,0,0,16487.0,0,0,0,18725.0,0,1036.0,0,0,1051.0,0,6879.0,0,0,0,8260.0,2472.0,0,3506.0,0,0,1942.0,1047.0,0,0,0,0,0,0,5179.0,0,7093.0,0,0,13577.0,0,5882.0,0,0,7718.0,4493.0,0,0,0,0,0,0,0,0,6252.0,4810.0,1972.0,5898.0,0,0,6258.0,0,7235.0,0,5771.0,0,5393.0,0,6647.0,3710.0,7805.0,0,5693.0,1095.0,0,11576.0,6618.0,7267.0,4658.0,0,9638.0,0,0,9864.0,6840.0,1120.0,4621.0,0,0,4258.0,0,0,0,0,0,0,4478.0,2313.0,7736.0,1856.0,0,0,2230.0,0,3051.0,0,6793.0,13238.0,0,0,0,0,0,8945.0,0,0,3819.0,0,1895.0,6155.0,0,0,5027.0,0,8782.0,0,0,0,1506.0,5092.0,0,0,9739.0,2300.0,0,5892.0,3313.0,0,0,0,3729.0,1961.0,0,0,0,10058.0,0,0,0,10742.0,0,0,0,0,0,7226.0,9736.0,0,0,0,0,0,9845.0,2242.0,0,0,0,0,0,11992.0,0,2224.0,0,0,0,0,0,7318.0,0,5064.0,0,0,0,0,5912.0,8455.0,0,4694.0,3912.0,1260.0,0,1120.0,0,0,0,2873.0,0,0,4817.0,0,1156.0,0,5506.0,986.0,0,0,5414.0,0,0,1944.0,3370.0,0,4079.0,1234.0,6689.0,0,5415.0,0,8296.75,0,15557.0,2128.0,0,0,0,0,4039.0,1196.0,0,0,0,0,0,0,0,7728.0,0,0,0,9226.0,5516.0,503.0,7688.0,822.0,7848.0,7838.0,0,0,0,4291.0,10128.0,4515.0,0,0,0,0,803.0,3171.0,1795.0,0,0,8147.0,2986.0,0,1214.0,7506.0,5144.0,0,3294.0,0,1120.0,0,0,0,2434.0,7670.0,0,2220.0,0,0,0,2506.0,3951.0,0,2316.0,0,0,0,0,0,0,3455.0,8266.0,0,824.0,0,0,4095.0,0,0,1251.0,2894.0,9166.0,7050.0,0,1196.0,6360.0,6012.0,0,0,7792.0,0,0,0,0,0,2717.0,2977.0,6998.0,8297.75,0,0,0,5038.0,0,3927.0,0,0,11111.0,0,0,4913.0,0,2484.0,0,0,0,10221.0,12625.0,0,0,615.0,0,8804.0,0,8562.0,0,0,0,5912.0,0,5276.0,0,4064.0,0,0,7947.0,0,0,5064.0
MP,0,0,0,0,0,0,0,0,0,0,0,0,0,0,0,0,0,0,0,0,0,0,0,0,0,0,0,0,0,0,0,0,0,0,0,0,0,529.2330932617188,0,0,0,0,0,0,0,0,0,0,0,1981.1107788085938,0,0,0,0,0,0,0,255.69183349609375,0,0,0,0,0,0,0,0,0,0,1518.0110168457031,0,0,0,0,0,0,0,0,0,0,0,0,0,0,0,0,0,0,0,0,0,0,0,0,0,0,0,0,0,0,0,0,0,0,0,1856.4911041259766,724.8228759765625,0,0,0,0,0,0,0,0,0,0,0,0,1308.3497009277344,2523.457938671112,0,0,0,0,0,0,542.2684936523438,0,0,0,0,0,0,0,0,0,0,0,0,0,0,0,0,0,0,0,0,0,0,0,0,0,0,0,0,0,0,0,0,0,0,0,0,0,0,0,0,0,0,0,0,0,0,0,0,0,0,0,0,0,0,0,0,0,0,0,0,0,0,0,0,0,0,0,0,0,0,712.1440267562866,0,0,0,0,0,0,0,0,0,0,0,0,0,0,0,0,0,0,0,0,0,0,542.9088668823242,0,0,0,0,0,0,0,0,0,0,0,0,0,0,0,0,0,0,0,0,0,0,0,0,0,0,0,0,0,0,0,0,0,0,0,0,0,0,0,0,0,0,0,0,0,0,0,0,0,0,0,0,0,0,1864.0183868408203,0,0,0,0,0,0,0,0,0,1845.0001907348633,0,0,0,0,0,0,0,0,0,0,0,0,0,0,0,0,762.1201114654541,0,0,0,0,0,0,0,0,0,0,0,0,0,0,0,0,0,0,0,0,0,1841.6506805419922,0,0,0,0,0,0,0,0,0,0,0,0,707.0593566894531,0,0,0,0,0,0,0,0,764.9511566162109,0,0,0,0,0,0,0,0,0,0,0,0,0,0,0,0,0,0,0,0,0,0,0,0,0,0,0,0,0,1135.7779541015625,0,0,0,0,0,0,0,1531.3547801971436,0,0,0,0,0,0,0,0,0,0,0,0,0,0,0,0,0,0,0,0,0,0,0,0,0,0,0,0,0,0,0,0,0,0,0,0,0,0,0,0,0,0,0,0,0,0,0,0,0,0,749.1063455343246,0,0,0,0,0,0,0,0,0,0,0,0,266.63623046875,0,0,0,0,0,0,0,0,0,0,0,0,0,0,0,0,0,0,0,0,0,0,0,0,0,0,0,0,0,0,1251.7529296875,0,0,0,0,0,0,0,0,0,0,0,0,0,0,0,0,0,0,0,0,0,0,0,0,0,0,0,0,0,0,0,0,0,0,0,0,0,0,0,0,0,0,0,0,0,0,0,0,0,0,0,0,0,0,0,0,0,0,0,0,0,0,0,0,0,0,0,0,0,1750.0635681152344,0,0,0,1110.925537109375,0,0,0,0,0,0,0,0,0,0,0,0,0,0,0,0,0,0,0,0,0,0,0,0,0,0,0,0,0,0,0,0,466.3412170410156,0,0,0,0,0,0,0,1266.9544105529785,0,0,0,0,0,0,0,0,0,0,0,0,0,0,0,0,0,0,0,0,0,0,0,0,0,0,0,0,0,0,0,0,0,0,0,0,0,0,0,0,0,0,0,0,0,0,0,0,512.7749633789062,0,0,0,0,0,0,0,0,0,0,0,0,0,0,0,0,0,0,0,0,0,0,0,0,0,0,0,0,0,0,0,0,0,0,601.9646606445312,0,0,0,0,0,0,0,0,0,0,0,0,0,0,0,0,0,0,0,0,0,0,0,0,0,0,0,0,0,0,0,0,0,0,0,0,0,0,0,0,0,0,0,0,0,0,0,0,0,0,0,0,0,0,0,0,0,0,0,0,0,0,0,0,0,0,0,0,0,0,1340.2872314453125,0,0,0,0,0,0,0,1162.35791015625,0,0,0,0,0,2191.6095275878906,0,0,0,0,0,0,0,0,0,0,0,0,0,0,0,0,0,0,0,0,0,0,0,0,0,0,0,0,0,0,0,1362.3690195083618,0,0,0,0,0,0,0,0,0,0,0,0,0,0,0,0,0,0,0,0,0,0,0,0,0,0,0,0,0,0,0,0,0,0,0,0,0,0,0,0,0,0,0,0,0,0,0,0,0,0,0,0,0,0,0,0,0,0,0,0,0,0,0,0,0,0,0,0,0,0,1427.8300399780273,0,0,0,0,0,859.0863037109375,0,0,0,0,0,0,0,0,0,0,0,0,0,0,0,0,0,0,0,0,0,0,0,0,0,0,0,0,0,0,0,0,0,0,0,0,0,0,0,0,0,0,0,0,0,0,0,0,0,0,0,0,0,0,0,0,0,0,0,0,0,0,0,0,0,0,0,0,0,0,0,0,0,0,0,0,0,0,0,0,0,0,0,0,0,0,0,0,0,0,0,0,0,0,0,0,0,0,0,0,0,0,0,0,0,0,0,0,0,0,0,0,0,0,0,0,0,0,0,0,0,0,0,0,0,0,0
MP,0,0,0,0,1816.2482299804688,0,0,0,1338.7340812683105,0,0,0,0,0,0,0,0,0,0,0,0,0,0,0,0,0,0,0,2860.182907104492,0,424.34136962890625,0,0,0,0,0,0,0,0,0,0,0,0,0,0,0,0,0,0,0,0,1382.1249694824219,0,0,0,0,0,0,1206.6635131835938,0,0,0,0,0,0,239.04388427734375,0,0,0,0,0,0,0,0,1891.4971313476562,0,0,0,0,0,0,0,0,0,1503.7372131347656,0,0,0,0,0,4112.762954711914,0,0,0,212.99050903320312,1033.8912315368652,0,0,0,0,0,0,0,0,0,670.6239013671875,0,0,0,0,0,0,0,0,0,0,1597.786994934082,0,0,0,0,0,0,0,0,0,0,0,0,0,0,0,0,0,0,0,0,0,0,0,0,0,0,0,2858.05655670166,0,0,0,0,0,0,0,0,0,0,0,0,0,0,0,0,0,0,0,0,0,0,0,0,476.349365234375,0,0,0,0,0,0,768.2082824707031,0,0,0,0,0,1073.3624267578125,0,0,0,1094.8652954101562,0,0,0,0,0,0,0,0,0,0,0,0,0,0,2601.275177001953,0,0,0,0,0,0,0,0,496.08544921875,0,0,0,0,0,0,0,0,0,0,0,0,0,0,0,0,0,0,0,0,0,0,0,1024.5404052734375,0,0,2309.6692810058594,0,0,0,0,0,2279.310806274414,0,0,0,0,0,0,2052.2234115600586,0,0,0,0,0,0,0,0,0,1020.8767700195312,0,0,0,0,0,0,0,0,0,0,0,0,0,0,0,0,0,2878.5853958129883,0,0,0,0,0,0,0,0,0,0,0,0,0,0,0,0,0,0,0,0,0,0,0,0,0,0,0,0,0,0,0,0,0,2486.2759170532227,0,0,0,0,4005.703676223755,0,0,0,0,0,0,0,2474.844497680664,0,0,0,505.2666931152344,0,0,0,0,0,0,1804.893798828125,0,0,0,0,0,0,0,0,0,0,0,0,0,0,0,0,0,0,1828.037899017334,0,0,0,0,0,0,0,0,0,0,0,0,0,0,0,0,0,0,0,0,0,0,0,0,0,0,0,0,0,0,0,0,0,0,0,0,0,0,0,3222.638702392578,0,0,0,0,2395.951950073242,2977.818645477295,0,0,0,0,0,0,682.8311157226562,0,0,0,0,0,0,0,0,0,0,0,0,0,0,0,0,0,0,0,0,0,0,0,0,0,0,0,0,0,0,2399.589792251587,0,0,0,0,0,0,0,0,0,0,1067.0286712646484,0,0,0,0,0,3843.8148307800293,0,0,0,0,0,0,0,0,0,0,0,0,0,0,0,0,0,2804.390453338623,0,0,0,0,0,949.6579284667969,0,0,0,0,0,0,0,0,0,0,0,0,0,0,0,0,0,0,0,3373.6414489746094,0,0,0,0,0,0,0,0,0,0,0,0,0,3353.711715698242,0,0,0,0,0,0,0,0,0,0,0,0,0,3090.8564834594727,0,0,0,0,0,0,0,0,0,0,0,0,1739.5689544677734,0,0,0,0,0,0,0,0,0,0,0,0,0,0,0,0,2262.419677734375,0,0,0,0,0,0,0,0,0,0,0,0,0,0,0,0,0,0,0,0,911.3546295166016,0,0,0,828.4196166992188,0,2409.577491760254,0,0,0,0,0,0,0,0,0,0,0,0,0,0,0,0,0,0,0,0,0,0,2019.8686294555664,0,0,1157.0888366699219,0,1699.3467559814453,0,0,0,0,0,0,0,0,0,0,0,0,0,0,0,0,0,0,0,0,0,0,0,2141.837070465088,0,0,0,0,0,0,0,0,0,0,0,0,0,0,0,0,0,0,0,1050.7586698532104,2058.9537773132324,0,0,0,0,0,0,0,0,0,0,0,0,0,0,0,0,0,0,0,0,0,0,0,701.28662109375,0,3493.7491340637207,0,1506.6397705078125,0,530.1051788330078,0,0,0,0,0,0,0,0,0,0,0,0,0,0,0,1805.4062805175781,910.0299072265625,0,1336.8020858764648,0,0,0,0,0,0,0,0,0,0,0,0,850.6976013183594,0,0,0,0,0,0,0,0,0,0,0,1521.9019751548767,0,0,0,0,0,0,0,0,0,0,0,0,0,0,0,0,0,0,0,0,0,0,0,0,0,0,0,0,0,0,0,0,0,0,2673.034056663513,0,0,0,1812.563705444336,0,0,0,0,0,0,0,0,0,0,0,0,0,0,0,2098.62553024292,0,0,0,2327.6034545898438,0,0,0,0,0,0,0,2874.2373809814453,0,0,0,0,0,0,0,0,0,0,0,0,0,0,0,0,0,0,0,0,0,0,0,0,0,0,1719.4406127929688,0,0,0,0,0,0,0,947.5627670288086,0,0,0,0,0,0,0,0,0,0,0,0,0,0,0,0,0,0,0,0,0,0,0,0,0,0,0,753.8485260009766,0,0,0,0,0,0,0,0,0,0,0,0,0,0,0,0,0,2324.830654859543,0,0,0,0,0,0,0,0,0,0,0,1467.6730439662933,0,0,769.1746597290039,0,0,0,0,1421.0303344726562,0,0,0,0,0,5070.632270812988,0,0,0,0,0,0,0,0,0,1040.402587890625,0,0,0,0,0,0,0,0,0,0,0,0,0,0,0,0,0,0,0,0,0,0,0,0,0,0,0,0,0,0,0,0,0,0,0,0,0,0,0,0,0,0,0,0,0,0,0,0,0,0,0,0,0,0,0,1952.0680904388428,0,0,0,0,0,0,0,2056.704448699951,0,0,0,0,0,0,0,1460.7358932495117,0,0,0,0,0,0,0,0,0,0,0
MP,0,0,0,0,0,0,0,0,0,0,0,0,0,0,0,543.0429077148438,0,0,0,0,0,0,0,0,0,0,0,0,0,2878.13521194458,0,0,0,0,0,0,0,0,0,0,0,0,1315.0920181274414,0,0,0,0,0,0,0,0,0,0,0,0,0,0,0,0,0,680.1570281982422,0,395.04351806640625,0,0,0,0,0,0,0,0,0,3058.108382999897,0,0,0,0,0,0,0,0,0,0,0,0,0,0,0,0,0,0,0,0,0,0,0,0,0,0,0,0,0,0,0,0,0,0,2192.8240070343018,0,0,2680.901336669922,0,0,0,0,0,0,0,0,0,0,0,0,0,0,604.9635009765625,0,0,0,0,0,0,0,0,0,0,0,0,0,0,0,0,0,0,0,0,0,0,0,0,0,0,0,0,0,0,0,0,2290.8741607666016,0,1762.873062133789,2175.828941345215,0,0,0,0,0,0,0,0,0,0,0,0,0,0,0,0,0,0,0,0,0,2892.832763671875,0,0,0,0,0,0,0,0,0,0,0,0,0,0,0,0,0,0,0,0,0,0,0,0,0,0,0,0,0,0,0,0,0,0,0,0,0,0,0,0,0,0,0,3102.869354248047,0,0,0,0,0,0,0,0,0,0,0,0,0,0,0,0,0,0,0,0,0,0,0,0,0,0,0,0,0,0,0,0,1069.4728240966797,0,0,0,0,0,0,0,0,0,0,0,0,0,0,815.8725471496582,0,0,0,0,0,0,0,504.0587158203125,0,0,0,0,0,0,0,0,0,0,0,0,0,0,2970.740791320801,0,0,0,2130.1874389648438,0,0,0,0,0,0,0,0,0,0,0,0,0,0,0,0,0,2554.97900390625,0,0,0,2969.784912109375,0,0,0,0,0,0,0,0,0,0,0,0,0,0,0,0,0,0,0,0,0,1674.5563735961914,0,0,3828.6564292907715,0,0,0,0,0,0,0,0,0,0,0,0,0,0,2064.1846809387207,0,0,728.4436645507812,0,0,0,0,0,0,0,0,0,0,0,0,0,659.2314453125,0,0,0,0,0,0,0,0,0,0,0,0,0,0,0,0,0,0,0,0,0,2621.6583290100098,0,0,0,2477.4184036254883,0,0,0,2682.264518737793,3515.2896728515625,0,2492.623031616211,0,0,0,0,0,0,0,0,0,3786.9479904174805,0,5778.593305587769,0,0,0,0,866.9071884155273,0,0,0,0,0,0,0,0,0,0,0,4192.394193649292,0,0,0,0,0,0,0,0,0,0,0,0,0,0,0,3364.4878072738647,0,2442.898941040039,0,0,0,0,0,0,0,0,0,0,0,449.6907958984375,0,0,0,0,0,0,0,0,0,0,0,0,0,0,0,0,0,0,0,0,0,0,0,0,4010.2642583847046,0,0,0,0,0,0,0,0,0,0,0,0,0,0,0,0,0,0,0,0,0,0,0,0,0,0,0,0,0,0,266.210693359375,0,0,0,0,0,0,0,0,0,0,0,0,0,0,0,755.3569946289062,0,0,0,0,0,0,0,0,0,0,0,0,0,0,0,0,0,0,0,0,2256.453598022461,0,0,0,0,0,0,0,0,0,0,0,0,0,1335.6657905578613,0,0,0,0,959.7459564208984,0,0,0,0,0,0,0,0,0,0,0,0,0,0,0,0,0,0,0,0,1444.6570053100586,0,0,0,0,0,0,0,0,0,0,0,0,0,0,0,0,0,0,0,0,1715.5574951171875,0,0,1059.6429748535156,0,0,3181.574188232422,0,0,0,0,0,0,0,0,1088.2610702514648,0,0,3828.4230995178223,0,0,0,0,0,0,0,0,0,0,0,0,0,0,0,0,0,0,0,0,0,0,0,0,0,0,0,0,0,0,0,0,0,0,2835.850860595703,0,0,0,0,0,0,0,0,0,0,0,0,0,0,0,0,763.3388061523438,0,0,0,0,0,0,0,0,0,0,0,0,1614.3817901611328,0,0,0,0,0,0,0,0,0,0,0,0,0,0,0,0,0,0,0,0,0,0,0,0,0,0,0,0,0,0,0,3496.0062103271484,0,0,0,0,0,0,0,0,0,821.2065782546997,0,0,0,0,0,0,0,0,0,0,0,0,0,0,0,0,0,0,0,0,0,0,0,0,0,0,0,0,0,0,0,4481.357189178467,0,0,0,0,0,0,0,0,0,0,0,0,0,2586.5610580444336,0,0,437.1365051269531,0,0,0,0,0,0,0,0,0,0,0,0,0,0,0,0,0,0,0,0,0,0,0,0,0,0,0,0,0,1619.9658813476562,0,0,0,0,0,0,0,956.8853149414062,0,0,0,0,561.9734497070312,571.3578338623047,1000.1723184585571,0,0,0,0,0,0,0,0,0,0,2781.431900024414,0,761.8734455108643,0,0,0,0,0,0,0,0,0,0,0,321.105712890625,0,0,0,0,2629.4229698181152,0,0,0,0,0,0,0,0,0,0,765.5549011230469,0,0,0,0,0,0,0,0,0,0,0,0,0,0,0,0,0,0,0,0,0,0,0,0,0,0,4388.439812660217,0,0,0,0,0,0,0,2102.295608520508,0,0,0,0,0,0,0,0,0,0,2241.4219360351562,0,0,0,0,1236.4049339294434,0,0,0,0,0,0,0,0,0,0,0,735.3576049804688,0,0,2680.185905456543,0,0,0,0,0,0,0,0,0,0,0,0,0,0,1759.2083740234375,0,0,0,0,0,0,0,882.9474093914032,0,0,0,0,0,0,0,0,1846.7877197265625,0,0,0,0,0,0,0,0,0,0,0,0,0,0
MP,0,0,0,0,0,0,0,0,0,0,0,0,0,0,0,0,0,0,0,0,0,0,0,0,0,963.3763809204102,0,0,0,0,0,0,0,0,0,0,0,0,0,0,719.7843685150146,0,0,0,3511.935594558716,0,964.9931030273438,0,2489.430549621582,375.8424987792969,0,0,0,0,0,0,0,0,0,0,0,0,0,0,0,0,0,0,0,0,0,0,0,0,0,0,0,0,2937.4144172668457,634.9650688171387,0,0,0,0,0,0,0,0,0,0,0,3781.3647079467773,0,0,0,0,0,0,0,0,0,0,0,0,0,0,0,0,0,0,0,0,0,0,0,0,0,764.2787628173828,0,0,0,0,0,0,0,0,1478.065170288086,0,0,0,0,0,0,0,0,0,0,0,0,0,0,0,0,0,0,0,0,0,0,0,0,0,0,0,0,0,0,0,0,0,0,0,0,0,0,0,0,2116.919553756714,0,0,0,0,0,0,0,0,0,0,1050.863109588623,1258.6799621582031,0,0,0,0,0,0,3381.156005859375,0,0,0,0,0,0,0,0,0,0,1775.9244995117188,0,0,0,0,0,0,0,0,0,0,0,0,0,0,0,0,0,0,0,0,0,0,0,0,0,0,2516.224868774414,0,0,0,0,0,0,0,0,0,0,0,0,0,0,0,0,0,2814.987777709961,0,0,0,0,0,0,0,0,391.6992721557617,0,2708.2230834960938,0,0,0,0,0,2370.941177368164,0,0,0,0,0,0,0,0,0,0,0,1837.1863327026367,0,0,0,0,0,849.8568115234375,0,0,0,0,0,0,0,0,0,0,1891.8248291015625,0,0,0,0,0,383.51641845703125,0,0,0,0,0,0,0,0,0,0,0,0,0,0,0,0,0,0,0,0,0,0,0,0,0,0,0,0,876.8720016479492,0,0,0,0,0,0,0,0,0,0,0,0,0,0,0,0,0,0,0,0,0,0,0,0,0,0,0,0,0,0,0,0,0,0,1715.2119140625,0,0,0,3981.272274017334,0,0,0,0,0,0,956.1579360961914,0,0,0,0,0,0,0,0,0,0,0,0,0,0,0,0,0,0,0,0,0,847.9570922851562,0,0,0,0,0,0,0,0,0,0,0,1962.779312133789,0,0,0,2065.482490539551,0,0,0,0,0,0,0,0,0,0,0,1220.2945556640625,0,0,0,0,0,0,0,0,0,0,1898.157974243164,0,0,0,0,3157.392753601074,0,493.7661437988281,0,0,0,0,0,0,0,0,0,0,0,0,0,0,0,0,0,0,0,0,0,0,0,0,0,0,0,260.15802001953125,0,0,1183.9773406982422,0,0,0,0,0,0,0,0,0,0,0,0,0,0,0,0,0,0,0,0,0,0,0,0,0,0,0,0,1743.551025390625,0,0,0,3062.6790771484375,0,0,0,0,0,0,0,0,0,0,0,0,0,0,0,0,0,0,0,0,0,0,0,0,0,0,0,0,0,0,0,2383.6279907226562,0,0,0,2256.8197803497314,436.8968200683594,0,0,0,0,0,0,0,0,0,0,0,0,0,0,0,0,0,0,0,0,0,0,788.4867401123047,0,1041.8793487548828,0,0,0,0,0,0,0,0,0,0,0,0,0,0,0,0,0,0,0,0,0,0,0,0,2434.7522745132446,0,0,0,0,0,0,0,1846.681396484375,0,0,0,0,0,0,0,0,0,0,0,0,0,0,0,0,0,0,0,0,0,0,0,0,0,0,0,2571.9330444335938,0,0,0,0,0,0,0,0,0,0,0,0,0,0,0,2851.11519241333,0,0,0,0,0,0,0,0,0,1452.4924621582031,0,0,0,0,0,0,0,0,0,0,0,0,0,0,0,0,0,0,0,0,0,0,0,0,0,0,0,0,0,0,813.1367111206055,0,0,0,0,0,1818.3384399414062,0,0,0,0,0,0,4360.707191467285,0,2232.972152709961,0,0,0,0,0,0,0,0,0,0,0,0,0,0,0,0,0,0,0,0,1611.058692932129,0,0,0,0,0,0,0,0,0,0,0,861.364013671875,1717.40869140625,0,0,0,0,0,0,0,0,0,0,0,0,0,0,0,0,0,0,0,0,0,0,0,0,0,1973.0519104003906,0,0,0,0,0,0,0,0,0,0,2330.8718490600586,0,0,0,0,0,0,0,0,0,0,0,0,0,0,0,0,0,0,0,0,0,0,0,2037.5785064697266,0,0,0,0,0,0,0,0,0,0,0,0,0,853.8622817993164,0,0,0,0,0,0,0,0,0,0,0,0,0,0,0,0,0,2795.6502075195312,0,0,0,0,0,0,0,0,0,0,0,0,0,0,0,0,0,0,0,0,0,0,0,0,0,0,0,0,0,0,0,0,0,0,0,496.81044006347656,0,0,0,1036.573501586914,0,0,0,0,0,0,0,2559.089614868164,0,0,0,0,0,0,0,0,812.9688720703125,0,0,0,0,0,0,0,2790.408390045166,0,0,0,0,0,0,0,0,0,0,0,0,0,0,0,0,1344.3027420043945,0,0,1759.6992492675781,0,0,754.142204284668,0,0,0,0,0,0,0,0,0,0,0,0,0,0,0,0,0,0,680.673828125,0,0,0,0,0,0,1507.3271738290787,0,0,0,0,0,0,0,585.9715881347656,0,0,0,0,0,0,451.06495666503906,0,0,0,0,0,0,0,3467.2215576171875,2029.9007606506348,0,0,2154.473617553711,0,0,0,0,0,0,0,0,0,0,1911.9379501342773,0,2254.4961318969727,0,0,0,1575.6269072294235,0,0,0,0,0,0,0,0,0,0,0,0,0,0,0,0,0,1151.36669921875
MP,0,0,1034.2318115234375,0,0,0,0,0,0,0,0,0,0,0,0,0,0,0,0,0,0,0,0,0,0,0,1662.935447692871,0,0,0,0,0,0,0,0,0,0,0,0,0,0,0,0,2881.968032836914,1132.9150733947754,0,0,1423.8476486206055,0,0,0,0,0,0,0,0,0,0,0,0,0,0,2157.5500106811523,0,0,0,0,0,0,0,2530.6431579589844,0,0,0,0,0,0,0,0,0,0,0,0,0,0,0,0,2696.7788009643555,0,1049.4551620483398,0,5952.910446166992,3318.15234375,0,0,0,0,0,0,0,0,1054.2421417236328,2193.3710861206055,0,0,0,0,0,0,0,0,0,0,0,0,1396.6299505233765,0,0,0,0,0,0,0,0,0,0,2914.443099975586,0,0,0,0,0,0,0,0,1226.832534790039,0,0,0,0,1106.05078125,0,0,0,0,0,0,1976.8626022338867,0,0,1820.8386421203613,0,0,0,0,0,0,0,0,0,2970.310516357422,0,0,0,0,0,0,0,0,0,0,0,0,3436.7044229507446,0,0,1866.7283477783203,0,0,0,0,0,0,1812.4602966308594,0,0,0,0,0,0,0,0,0,0,0,4516.703422546387,0,0,0,0,0,0,3098.231098175049,0,0,0,0,0,0,0,0,0,0,0,0,0,0,0,0,0,0,0,0,0,0,0,0,0,0,0,3834.0724182128906,1006.5300903320312,0,0,0,5547.2549114227295,0,0,0,0,0,0,0,0,0,0,0,0,0,0,0,0,0,0,0,0,0,0,2105.3366680145264,1392.2774810791016,0,0,0,0,0,0,3195.3297271728516,0,0,0,0,0,0,1373.8355655670166,0,0,0,0,0,0,0,0,0,0,0,0,902.9074821472168,0,1357.4248657226562,0,787.0532531738281,0,0,0,0,0,0,1999.4397134780884,0,2457.9111328125,0,0,0,2705.006778240204,0,0,0,0,0,3899.7225341796875,0,2838.6324882507324,0,0,0,6518.105134010315,2181.360815048218,0,0,0,0,0,0,3954.1366424560547,0,0,0,0,0,0,0,0,0,0,0,2566.1184005737305,0,0,0,0,0,0,0,0,0,0,2810.4801177978516,0,0,980.6718139648438,0,0,0,0,0,0,0,0,2316.9170417785645,0,0,0,0,502.2926940917969,0,0,0,0,0,0,0,0,0,0,0,0,2001.2094345092773,0,0,0,0,1670.3426513671875,0,0,0,0,0,0,0,0,0,0,0,0,0,0,0,0,0,0,0,0,0,213.73162841796875,0,0,0,0,0,0,0,0,0,0,0,0,0,2235.323902130127,0,0,0,0,0,0,3909.1852226257324,0,0,0,0,0,0,0,0,0,0,0,0,0,0,5057.27322101593,0,0,0,0,0,2981.08642578125,0,0,0,1010.9443969726562,0,0,0,0,0,5454.575630187988,0,0,0,0,0,0,0,0,0,0,0,0,0,0,0,0,0,0,0,0,0,0,0,0,0,0,0,0,0,0,2670.4881591796875,0,0,0,0,0,893.3495483398438,0,0,0,0,0,0,0,0,0,0,0,2904.4486083984375,0,0,0,0,0,0,2355.3768310546875,0,0,0,0,0,0,0,0,0,0,2955.9358978271484,0,0,0,0,0,0,0,0,0,0,0,0,0,0,0,0,0,0,0,0,0,0,0,0,0,0,0,0,404.6157531738281,0,0,0,0,0,0,0,0,0,0,0,0,0,0,0,0,0,0,0,0,1052.502197265625,1612.7674255371094,0,0,0,0,0,0,760.7186889648438,0,0,0,0,0,0,0,502.6822509765625,0,0,0,0,0,0,0,0,0,0,0,0,0,0,2843.712242126465,0,0,0,0,0,633.7103881835938,0,0,1955.1331329345703,0,0,1080.3277282714844,0,0,0,0,5017.258144378662,0,0,0,0,0,0,1313.7923917770386,0,0,0,0,0,2341.7304077148438,0,0,0,0,0,0,1816.8658752441406,0,0,0,0,0,0,0,0,0,0,0,0,0,0,1442.9031372070312,0,0,0,0,0,0,2219.5020751953125,0,0,0,0,0,0,0,0,3135.7597579956055,0,0,0,0,0,705.9542846679688,0,0,0,0,0,0,0,0,0,0,0,0,0,0,0,0,0,0,2509.2703742980957,0,0,0,0,0,0,0,0,0,0,0,0,0,0,0,0,0,0,0,0,0,0,0,0,0,0,0,0,0,0,0,0,0,0,0,0,0,0,0,684.6442127227783,0,0,0,0,0,0,0,1808.846492767334,0,0,0,0,0,0,0,0,0,1093.19873046875,0,0,0,0,0,0,0,0,0,0,0,979.0187377929688,0,0,0,0,0,0,0,0,0,0,0,0,0,0,0,0,0,0,0,0,0,0,0,0,0,0,0,0,0,0,0,0,0,0,0,0,0,0,0,0,0,3687.480270385742,0,0,0,0,0,0,0,0,0,0,0,0,0,0,0,1634.5386667251587,1067.6214752197266,0,0,0,0,2446.129104614258,0,0,4143.337856292725,0,0,0,2715.045581817627,0,1244.5063934326172,0,4586.913363933563,0,0,0,0,0,0,0,0,0,0,0,0,0,0,0,0,0,0,0,0,0,0,0,0,3855.8448486328125,0,0,0,0,0,0,2504.7821769714355,0,0,0,0,0,0,0,0,1290.2938232421875,0,0,0,0,0,0,0,0,1394.7393188476562,0,0,0,0,0,0,0,0,0,0,0,0,0,0,1364.4876708984375,0,0,0,0,0,0,0,0,0,0,0,0,0,0,0,752.616455078125,0,1830.3538236618042,0,0,0,0,0,945.4403686523438,0,0,0,0,0,0,0,0,0,0,0,0,0,0,0,0,0,0,0,0,4546.194507598877,3816.548444747925,0,0,0,765.9670486450195,0,0,0,0,0,0,0,0,0,0,0,0,0,0,0,0,0,0,0,0,0,0,0,0,0,0,0,0,0,0,0,0,905.4297790527344,0,0,0,0,1842.4615173339844,0,0,0,0,2931.317024230957
PM,0,0,0,0,0,0,0,0,0,6955.0,4887.0,873.0,0,0,0,3782.0,0,0,0,4267.0,0,0,0,2472.0,6661.0,8296.0,0,0,0,2011.0,0,6174.0,0,6602.0,5440.0,474.0,0,0,3629.0,0,0,0,5511.0,7169.0,0,3989.0,3048.0,0,2742.0,2566.0,3612.0,0,1263.0,9785.0,18686.0,10689.0,0,0,0,4812.0,1492.0,0,1964.0,1096.0,7747.0,0,1260.0,0,0,0,7421.0,5440.0,3172.0,0,0,0,0,1498.0,5680.0,564.0,0,9137.0,0,0,0,10021.0,0,0,0,2500.0,0,0,0,5285.0,671.0,0,0,0,5991.0,0,0,0,0,0,5239.0,0,12123.0,0,0,1190.0,0,0,0,0,0,3353.0,0,5280.0,0,8260.0,0,0,0,0,0,0,8068.0,3151.0,0,2338.0,0,537.0,0,0,0,2183.0,5920.0,0,0,0,0,0,0,8208.0,782.0,3283.0,0,0,0,0,0,10229.0,13784.0,0,0,0,0,2876.0,0,0,3042.0,1130.0,0,3596.0,0,7866.0,0,0,0,0,7280.0,0,0,9414.0,3271.0,2916.0,817.0,0,0,10400.0,0,2272.0,0,0,0,0,5489.0,0,0,5492.0,0,0,2565.0,998.0,17832.0,6647.0,0,0,7695.0,7287.0,1221.0,1939.0,0,0,0,0,0,1954.0,0,0,6276.0,8846.0,0,0,0,5920.0,0,3197.0,0,4697.0,0,6624.0,0,7643.0,7484.0,0,1634.0,0,0,7075.0,0,0,0,5548.0,0,0,928.0,6662.0,0,0,6233.0,0,3889.0,1025.0,0,0,0,7799.0,0,0,8143.0,0,0,0,8574.0,784.0,0,5717.0,1573.0,0,4338.0,0,0,10693.0,7615.0,2406.0,4971.0,3660.0,0,2564.0,0,0,0,0,0,0,0,0,0,0,0,1095.0,0,3197.0,0,0,0,0,3128.0,0,9990.0,0,0,3977.0,0,0,9450.0,0,0,6852.0,0,4390.0,0,0,0,0,0,0,4373.25,0,0,0,6072.0,946.0,2128.0,0,0,0,8266.0,0,0,5831.0,9171.0,0,2998.0,9314.0,0,0,0,0,0,1222.0,5632.0,0,2414.0,0,0,3628.0,8190.0,9224.0,9423.0,0,7168.0,13283.0,4725.0,0,0,7708.0,0,1113.0,0,0,0,0,0,0,0,0,5415.0,0,945.0,8915.0,0,7805.0,0,4291.0,0,0,0,12975.0,3087.0,1305.0,4489.0,1428.0,0,6012.0,996.0,6046.0,0,3270.0,0,5362.0,0,0,0,0,6702.0,0,0,0,0,1024.0,0,1179.0,2304.0,1978.0,0,7754.0,0,3414.0,0,0,6816.0,0,0,0,0,0,3920.0,2787.0,0,0,0,0,1357.0,0,0,0,4913.0,0,5771.0,0,0,0,0,0,2434.0,0,0,1190.0,0,0,0,0,3755.0,0,3931.0,0,5822.0,0,0,3544.0,0,1404.0,0,0,1231.0,0,0,727.0,0,0,1238.0,0,3919.0,0,3237.0,1921.0,0,0,0,0,1327.0,2780.0,0,5178.0,0,0,0,0,0,0,0,0,0,0,0,0,0,1131.0,0,0,0,8576.0,0,0,0,8344.0,0,3929.0,8839.0,10820.0,0,4919.0,0,3359.0,0,0,991.0,0,0,0,0,0,0,1209.0,0,0,4347.0,7302.0,0,0,403.0,6675.0,0,2838.0,0,0,6822.0,7302.0,2406.0,0,0,0,6306.0,8897.0,5181.0,0,1753.0,9500.0,8223.0,0,5352.0,0,6045.0,0,0,0,976.0,516.0,0,0,0,0,3601.0,5832.0,0,0,0,0,0,0,0,0,0,2054.0,8846.0,0,1095.0,0,0,8260.0,5775.0,4572.0,0,2871.0,0,0,3533.0,0,0,1531.0,4107.0,0,6338.0,0,6794.0,9633.0,18654.0,2635.0,5406.0,0,0,0,0,615.0,8557.0,4659.0,0,0,10121.0,0,10693.0,0,0,12560.0,872.0,845.0,0,0,2390.0,9979.0,7659.0,0,0,2369.0,0,0,1486.0,4648.0,0,0,0,4623.0,1921.0,4967.0,7886.0,7792.0,8005.0,0,0,0,7267.0,1492.0,6769.0,0,0,8843.0,0,2985.0,1023.0,2680.0,2706.0,0,8486.0,0,0,4860.0,0,0,8281.0,0,5816.0,0,4493.0,0,8872.0,0,11302.0,7494.0,0,0,0,2996.0,2915.0,0,7640.0,2914.0,0,3538.0,3321.0,0,7926.0,0,0,8750.0,10252.0,3338.0,3147.0,0,0,0,6800.0,10387.0,8289.0,8027.0,4075.0,9567.0,0,0,602.0,9638.0,0,0,0,0,0,1272.0,0,0,3909.0,2406.0,0,0,0,0,0,3220.0,7075.0,0,0,0,1199.0,3234.0,13536.0,0,0,0,4951.0,0,1140.0,0,0,0,0,2976.0,0,0,2634.0,9792.0,2400.0,0,0,0,0,5024.0,10089.0,0,0,0,3681.0,5336.0,1711.0,0,6709.0,0,0,0,0,0,3899.0,6184.0,0,0,5772.0,0,5227.0,7444.0,0,0,0,0,0,0,1214.0,10226.0,0,657.0,0,1130.0,0,0,0,5059.0,0,925.0,0,0,6405.0,0,1290.0,2376.0,0,0,0,0,0,0,0,0,0,0,3848.0,0,0,3001.0,8030.0,3510.0,1708.0,6697.0,1063.0,0,3183.0,0,6093.0,8842.0,0,0,0,0,4968.0,6814.0,0,0,8621.0,3159.0,9106.0,0,0,0,0,0,3031.0,0,0,0,2366.0,0,0,5873.0,0,0,0,0,169.0,8707.0,0,0,0,2958.0,5465.0,9540.0,0,822.0,0,0,0,8857.0,0,6621.0,7508.0,0,0,0,0,2776.0,10059.0,2895.0,0,0,0,0,4288.0,0,0,0,10383.0,3982.0,5541.0,0,9151.0,0,960.0,9908.0,0,2514.0,0,0,0,0,10844.0,7483.0,0,0,0,9202.0,4240.0,0,0,0,0,0,4964.0,0,5771.0,0,0,8817.0,0,0,0,0,0,4360.0,8118.0,0,3900.0,7850.0,0,7858.0,0,3767.0,0,9488.0,0,0,0,0,0,0,0,8835.0,0,2347.0,0,5780.0,5232.0,4337.0,0,0,0,0,10102.0,0,0,3134.0,4246.0,0,0,1679.0,0,0,2690.0,4530.0,6631.0,0,2899.0,0,3318.0,0,0,0,1460.0,0,0,0,0,0,0,0,0,2370.0,0,0,3128.0,0,0,0,0,0,3434.0,0,6130.0,2406.0,0,8532.0,0,0,4799.0,1369.0,2398.0,0,0,0,0,0,0,0,0,6552.0,0,8153.0,0,0,2718.0,8349.0,5341.0,8478.0,10575.0,1260.0,4324.0,0,731.25,11951.0,2623.0,10140.0,4729.0,0,0,0
MP,0,0,0,0,0,0,0,0,0,0,0,0,3784.4307250976562,0,0,0,0,0,0,0,0,0,0,0,0,0,0,2803.5067825317383,0,2009.4862213134766,0,0,3419.9331130981445,0,0,0,0,0,0,0,0,0,0,2417.967170715332,0,0,0,0,0,0,0,0,0,0,0,0,0,0,0,0,0,0,0,0,0,0,0,0,0,0,0,0,0,0,0,0,0,0,0,0,0,0,0,0,0,0,0,0,0,1542.03662109375,0,1409.377426147461,0,0,0,0,0,1373.6572265625,0,0,0,0,0,0,0,0,0,0,0,0,0,0,0,0,0,0,0,0,0,0,0,0,0,0,1619.3877868652344,0,0,0,0,0,0,0,0,0,0,0,0,0,0,0,0,0,0,0,0,2909.4466247558594,0,0,0,0,0,0,0,0,1238.5916023254395,0,0,0,0,0,0,0,0,0,0,0,0,0,0,0,0,0,0,0,0,0,4302.989120483398,0,0,0,0,2679.363784790039,2377.570858001709,0,865.2367706298828,0,0,0,0,0,0,1644.4671630859375,0,0,0,0,3614.377883911133,0,0,0,0,0,0,0,0,0,0,0,0,0,0,0,0,0,0,0,0,0,0,0,0,0,0,0,0,0,0,0,0,1737.0542278289795,0,0,0,0,0,0,0,0,0,0,0,0,0,0,0,0,0,0,0,0,0,0,1907.9883270263672,0,0,0,0,0,0,0,0,0,0,0,0,0,0,0,0,0,0,0,0,0,0,0,0,0,0,0,0,0,0,0,0,613.4891357421875,0,0,0,0,0,0,0,0,0,0,0,0,0,0,3303.202983856201,0,0,0,0,0,2040.4444427490234,0,0,0,0,0,0,0,0,1136.09765625,0,0,0,0,0,3603.907989501953,0,0,0,0,0,0,2743.2917556762695,0,0,0,0,0,0,218.3555908203125,0,0,0,0,0,0,0,0,3209.3670806884766,0,0,0,0,3617.4915733337402,0,0,0,0,0,0,688.7071228027344,0,0,0,0,4018.5062255859375,0,0,0,700.3718872070312,0,0,0,0,0,0,0,0,1512.5060424804688,0,0,0,1523.2212524414062,0,0,0,0,0,2679.286834716797,0,0,0,0,0,0,0,2489.159309387207,0,0,0,0,831.8299560546875,0,0,0,0,651.009708404541,0,0,0,0,0,0,0,0,0,825.7806701660156,0,0,2332.912322998047,0,3050.5970611572266,0,0,1811.5539054870605,0,0,0,2042.091390132904,0,0,0,0,0,0,0,0,0,0,0,0,0,0,0,0,0,0,0,0,0,0,0,0,0,0,0,0,0,0,0,0,0,0,0,2869.0457305908203,0,0,0,0,0,0,0,0,0,1589.2065658569336,0,3668.093864440918,546.0689392089844,0,0,0,0,0,0,0,0,1697.8839721679688,0,1042.158332824707,0,0,0,0,0,0,0,0,0,0,0,0,0,0,0,0,0,0,0,0,0,3460.6834106445312,0,0,230.31585693359375,0,0,0,0,0,0,0,0,0,0,0,0,0,0,0,0,0,875.1722106933594,0,0,0,0,0,2798.791046142578,0,0,226.9794921875,0,0,0,0,0,0,0,0,0,0,0,0,0,3875.982666015625,0,0,0,0,0,0,0,0,0,0,0,1370.8799362182617,0,0,0,0,1837.533218383789,0,0,0,2588.8793811798096,0,0,0,0,0,0,0,0,0,0,0,0,0,0,0,0,0,0,706.3051452636719,0,0,0,2298.519302368164,0,0,0,0,0,0,0,3054.373634338379,0,0,0,0,0,0,0,0,0,0,0,0,0,0,0,0,0,3051.2149658203125,1832.8015518188477,0,670.9973754882812,2555.1783142089844,0,755.9456634521484,2190.042200088501,0,0,2240.5794982910156,0,1339.785846710205,1418.2164154052734,0,0,0,0,0,0,0,0,0,0,0,5545.497033119202,0,0,0,0,0,0,572.4468536376953,0,0,0,3264.3300247192383,0,0,0,0,951.2333717346191,0,0,0,0,0,0,0,0,0,0,0,0,0,0,0,0,0,0,0,723.9247741699219,0,4841.951995849609,0,0,0,0,0,0,0,0,0,0,0,0,0,215.44992065429688,0,0,2878.3775024414062,0,0,0,0,341.61407470703125,0,0,0,0,0,0,3541.933525085449,0,0,0,0,0,0,0,0,0,0,0,0,0,0,0,0,0,0,0,0,0,391.700439453125,0,0,4198.361494064331,0,0,932.3588256835938,0,0,0,0,0,0,0,0,0,0,0,0,0,0,0,0,0,1126.0783767700195,0,0,0,0,0,0,0,0,0,0,1745.8256072998047,0,0,0,0,0,0,0,0,0,0,0,0,0,0,0,0,0,0,0,1455.79172706604,921.0216064453125,0,0,4222.990608215332,0,1494.8740997314453,0,3198.5317306518555,0,0,0,0,0,224.78594970703125,0,0,0,0,0,0,0,0,2998.3686599731445,0,0,0,0,0,0,0,0,0,0,0,0,0,0,0,0,0,0,0,0,885.8348541259766,0,0,0,0,442.8964538574219,0,0,0,0,0,0,0,0,0,0,0,0,0,0,0,0,1260.9872970581055,0,0,0,0,0,0,0,0,0,0,0,0,0,0,0,0,0,0,0,0,0,0,0,0,0,0,0,0,0,4448.2715492248535,0,0,0,0,0,0,0,976.8349304199219,0,0,0,0,0,0,0,0,0,0,3722.4993324279785,0,852.1854057312012,0,0,2256.3744506835938,0,0,0,0,0,0,0,0,0,0,0,0,0,0,0,0,0,0,0,0,0,0,980.4933090209961,0,0,0,0,0,0,0,0,0,0,0,0,0,0,0,0,0,0,0,0,0,482.2435607910156,0,0,0,0,0,0,0,0,0,0,0,0,0,0,0,0,0,0,0,0,693.7161254882812,0,0,0,0,0,0,0,0,0,4230.507667541504,0,0,3730.180862426758,0,3745.7394165992737,0,0,0,0,0,0,0,0,0
MP,0,0,4260.301483154297,0,4735.1861572265625,0,0,0,0,0,753.039363861084,0,0,0,0,909.7604217529297,0,0,0,0,0,1865.8616542816162,2348.0467834472656,0,4009.886764526367,0,0,0,0,0,0,0,0,0,0,0,0,0,0,0,0,0,0,776.9618225097656,0,0,0,0,4609.763107299805,0,2308.3736877441406,0,0,0,0,0,0,531.3556060791016,0,0,0,0,0,5286.473075866699,0,0,958.2505340576172,2437.0912475585938,0,0,0,0,0,0,0,0,0,0,0,5223.499866485596,4589.860013961792,0,0,0,1387.5777587890625,0,896.5341796875,0,0,0,0,0,0,0,0,1167.1783294677734,0,0,0,0,0,0,0,0,0,0,2397.7078481912613,0,2857.7605590820312,0,0,0,1276.751693725586,0,0,0,0,0,0,0,0,0,0,0,0,4433.431201934814,0,0,0,0,0,0,0,1216.6236114501953,0,0,0,0,0,4771.804220199585,0,0,0,0,0,0,970.9226531982422,0,0,0,0,0,2497.4034118652344,0,0,4853.497104644775,0,0,2688.0950469970703,0,0,0,0,0,0,0,0,0,0,0,0,0,1529.4371337890625,0,0,0,0,0,2969.6378135681152,0,0,0,0,0,0,0,0,0,0,0,0,0,0,0,0,0,0,0,0,0,0,1571.6532745361328,0,4229.105987548828,5024.205230712891,0,0,0,0,0,0,0,0,0,0,0,2272.3575286865234,0,0,0,0,0,0,0,844.5432434082031,4523.336311340332,0,1479.128424167633,0,0,0,0,0,0,0,0,0,0,0,0,0,0,0,0,0,0,0,0,0,0,0,0,0,0,0,0,0,0,868.13232421875,0,0,967.5157413482666,0,0,0,0,0,0,3877.8162536621094,0,0,0,0,0,0,0,2814.4244384765625,0,0,885.2690582275391,0,0,0,0,6261.392284393311,0,0,0,2442.7132263183594,0,0,0,0,464.152587890625,0,1512.6087646484375,0,959.8914489746094,0,0,0,0,0,0,0,0,0,0,0,0,0,0,0,0,0,0,0,0,0,0,0,0,0,0,0,0,0,0,0,277.5760803222656,0,0,0,1200.4132919311523,0,0,0,0,364.92529296875,0,0,0,0,3491.063497543335,1361.0694274902344,1710.6792602539062,1062.630859375,0,0,0,0,2892.322509765625,0,0,0,0,0,0,0,0,0,0,757.3404693603516,0,2655.226043701172,3357.2255249023438,0,0,0,0,0,0,0,0,0,0,0,0,0,0,0,0,0,0,0,0,0,933.6502685546875,0,0,0,0,0,0,0,0,0,659.3433990478516,0,0,2122.2790212631226,0,0,0,0,0,5876.032257080078,3717.6588592529297,0,0,0,0,0,0,0,0,0,0,0,2095.2132263183594,0,0,0,0,0,0,0,0,2341.6472930908203,0,0,901.08935546875,0,0,0,0,0,0,0,4741.171646118164,0,0,263.2420349121094,0,0,0,0,0,0,0,0,0,0,0,0,0,0,0,0,0,0,0,0,0,2891.7591094970703,0,0,0,0,0,0,0,0,570.4527988433838,0,2867.937640309334,0,0,0,0,0,0,0,0,0,0,0,0,0,0,0,0,0,0,0,2696.2460708618164,0,0,0,0,0,0,0,0,0,0,0,0,0,0,0,0,0,0,0,0,1983.6578826904297,0,0,0,0,0,0,0,0,1700.7958374023438,2104.282974243164,927.2842864990234,5716.973724365234,0,0,0,0,0,0,0,0,0,0,0,0,2303.7137002944946,0,0,0,1213.5425720214844,4708.066159367561,0,0,0,0,0,0,0,0,0,0,0,0,0,0,0,0,0,0,3164.8294830322266,0,769.6963348388672,0,0,0,0,0,0,0,0,3864.8886909484863,0,0,0,0,0,0,0,3655.6808319091797,0,0,0,0,0,0,0,0,0,0,0,0,0,0,0,0,0,780.4196758270264,0,0,0,1253.8498458862305,0,438.789794921875,0,0,0,0,0,0,0,1956.2538452148438,0,6287.731788635254,0,0,0,3627.238067626953,0,0,0,0,0,904.8281860351562,0,0,0,0,0,0,0,3499.8126525878906,0,0,0,0,0,0,0,0,0,0,0,0,0,0,0,0,0,0,5885.075068473816,0,0,0,0,0,0,0,0,0,0,0,0,0,0,0,0,0,0,0,0,0,0,0,0,0,0,0,0,0,0,0,0,0,0,866.5616455078125,0,0,0,0,0,0,0,0,0,3005.5032958984375,4666.510210990906,0,0,0,0,816.5723037719727,0,0,0,0,0,609.2527465820312,0,0,0,0,0,0,0,0,0,0,0,0,0,0,0,3251.470069885254,0,0,0,0,0,0,0,0,0,0,0,0,0,0,0,0,0,0,0,0,0,0,0,5527.988554954529,0,2179.1620330810547,0,0,0,0,0,2592.652717590332,0,0,0,0,0,0,0,0,0,0,0,0,0,0,0,1896.240852355957,0,0,0,0,0,892.9598655700684,0,0,0,0,0,0,0,2117.9414081573486,0,0,0,0,0,0,0,0,0,2895.215774536133,0,0,209.095703125,0,0,0,0,0,0,0,0,5449.236419677734,1804.3564682006836,986.4804306030273,0,0,0,915.1075668334961,0,0,0,0,0,0,0,0,0,0,0,0,5176.005767822266,0,768.0161285400391,0,0,0,0,0,0,0,0,4284.533668994904,0,0,0,0,0,0,0,3107.2916412353516,0,0,0,0,0,0,0,5560.87372303009,0,1075.5980224609375,0,0,0,0,0,0,0,4642.693088531494,0,0,0,5312.465797424316,0,3598.076892852783,1432.7196044921875,0,0,0,0,0,0,0,0,2304.082902908325,0,0,0,0,0,1633.0415496826172,0,5009.189638137817,0,0,0,0,0,0,0,0,0,0,0,0,0,0,0,0,0,0,0,0,0,0,4845.082489013672,0,0,0,0,0,0,3285.809814453125,0,0,0,4120.405925750732,0,0,0,0,0,1179.314437866211,0,0,0,0,0,0,0,0,0,0,0,0,0,0,0,0,0,0,0,0,0,0,0,4787.330093383789,0,0,0,0,0,0,0,0,0,0,0,0,1163.4670600891113,0,1029.0555725097656,0,0,0,0,2944.6225967407227,0,0,0,0,0,3251.9075317382812,0,0,0,0,0,0,0,1217.44677734375,1007.5187683105469,0,0,0,0,0,0,0,0
MP,0,0,0,0,0,0,0,0,0,0,0,0,0,0,5342.148193359375,0,0,0,0,0,0,0,0,0,0,0,0,0,0,1753.6922187805176,0,0,0,0,189.27532958984375,0,0,0,0,0,0,2023.9771728515625,0,0,912.7944869995117,0,0,0,0,0,0,0,0,0,0,0,0,0,2000.1185569763184,0,0,0,0,0,0,0,0,0,1385.2046356201172,0,0,0,0,0,0,0,4352.067886352539,0,0,0,0,0,0,2091.5845642089844,0,408.93145751953125,0,0,0,0,0,0,0,218.64297485351562,0,0,0,0,0,1718.258888244629,0,0,0,0,0,0,0,0,0,0,0,0,0,4281.513553619385,0,0,0,0,0,0,0,0,0,0,0,2475.3107147216797,0,0,0,0,0,0,3125.4646606445312,0,0,0,0,0,0,0,0,0,0,0,0,0,0,0,0,0,0,0,0,513.7924194335938,1318.0741691589355,0,0,0,0,0,0,0,0,0,0,0,0,0,0,0,815.9741134643555,0,0,0,0,0,0,0,216.72454833984375,0,0,0,0,0,0,1466.9572982788086,0,2762.3500442504883,0,0,0,0,3209.0252685546875,1490.405029296875,0,0,0,0,716.1352081298828,0,3280.9862626791,0,0,0,0,0,0,0,0,0,0,0,0,0,0,0,0,0,0,0,0,0,0,0,0,0,0,0,0,0,0,0,0,0,0,0,0,0,0,0,0,0,0,0,0,0,2727.226104736328,0,0,0,0,0,0,0,0,0,0,0,0,0,2121.0567779541016,0,0,0,0,0,0,0,0,0,0,1895.2765941619873,248.60256958007812,0,0,0,0,0,2211.5339965820312,0,0,0,0,0,0,2452.13720703125,0,1314.5439910888672,0,0,0,0,0,0,0,0,0,0,0,0,0,0,2077.4473419189453,0,2833.998035430908,0,0,0,0,0,0,0,0,0,0,0,0,0,0,0,0,0,0,0,0,0,3346.0612869262695,0,0,0,2912.2900466918945,0,0,0,0,0,1052.4061965942383,0,0,0,0,0,0,2976.878876209259,0,0,0,0,2569.229133605957,0,0,0,0,0,0,1120.5869140625,0,0,0,0,0,0,0,0,0,0,0,0,0,0,0,0,0,2118.8277130126953,0,0,0,0,0,0,0,0,0,0,784.7684478759766,0,0,0,0,0,0,0,0,0,5058.728546142578,0,0,0,0,0,0,0,0,3934.9856872558594,0,0,0,0,0,0,0,0,0,0,0,0,0,0,0,0,0,1280.1902379989624,0,0,0,0,0,0,2030.8976554870605,0,0,0,0,0,2745.6280250549316,0,0,0,0,0,0,0,0,0,0,0,339.4416198730469,0,0,0,0,0,0,0,0,0,0,0,0,0,0,0,0,0,0,0,0,0,0,0,0,0,0,0,0,0,0,0,2769.9820749759674,0,0,0,0,0,0,0,0,0,0,0,0,0,0,3076.2451281547546,2647.4609231948853,0,1294.4778747558594,0,0,0,2981.5538291931152,0,0,0,0,0,0,0,0,0,0,0,2417.346221923828,0,0,0,0,0,0,1022.7798080444336,0,0,0,1024.805908203125,3589.3410873413086,4648.018781661987,0,0,0,0,0,0,0,0,0,0,0,0,0,0,0,0,0,0,0,1528.921953201294,0,0,0,0,0,0,0,0,1485.0199966430664,0,0,0,0,0,0,0,0,0,0,0,0,0,0,0,0,0,0,0,0,0,0,977.2843627929688,0,0,0,0,0,0,0,0,0,0,0,0,0,0,0,0,0,0,0,0,337.5765380859375,0,0,0,0,0,0,0,0,0,0,0,0,0,0,0,0,0,0,0,0,0,0,0,0,0,0,0,0,0,0,0,0,1298.0165357589722,0,0,0,0,0,0,0,2135.563491344452,0,0,0,0,0,0,0,0,0,0,0,0,0,0,0,0,0,0,1208.5833740234375,0,0,0,0,0,0,0,0,0,0,3053.3499603271484,0,0,0,0,0,0,0,0,0,0,3392.0966358184814,0,0,0,0,0,0,0,0,0,0,0,0,0,0,0,0,0,0,0,0,0,0,0,0,0,0,0,0,0,0,0,0,0,5352.513452529907,0,0,2373.7824325561523,0,0,0,0,0,0,0,0,0,0,0,0,0,0,0,0,0,0,0,0,0,0,930.757698059082,0,0,0,4391.163227081299,0,0,0,0,0,0,0,0,0,0,0,0,0,2864.5020904541016,0,0,952.6580810546875,0,0,0,958.7804145812988,0,2775.356553554535,0,0,0,0,0,0,0,0,0,0,0,0,0,0,0,0,0,0,0,0,0,0,0,0,436.63140869140625,0,0,2458.5527954101562,0,0,0,0,0,0,0,0,0,0,0,0,0,0,0,0,0,0,0,0,0,0,0,0,0,0,0,0,0,0,3311.662757873535,0,0,0,0,0,0,1495.0537109375,2429.2359466552734,0,0,0,0,0,0,0,0,0,0,0,0,0,0,0,0,0,0,0,0,0,0,0,0,0,0,1341.5723342895508,0,0,0,0,0,0,0,0,1611.2838706970215,0,0,0,0,0,0,0,0,0,0,0,0,0,0,1969.508804321289,0,0,0,0,0,0,0,0,0,0,0,2684.392954826355,0,0,0,0,0,0,0,0,0,0,0,0,0,0,0,0,0,0,0,0,6374.296466827393,0,0,0,0,0,0,3759.6206665039062,0,2210.7056465148926,0,0,924.3987121582031,0,0,0,0,0,0,0,0,2560.3369903564453,0,0,0,0,0,0,0,0,0,0,0,0,0,0,0,0,0,0,0,0,0,4583.458877563477,0,380.4134216308594,510.9294738769531,0,0,0,0,0,0,0,0,0,0,1497.798973083496,0,0,0,0,0,0,0,0,0,0,2341.757781982422,0,0,0,0,0,0,0,2536.3483276367188,1120.4237365722656,0,0,0,0
MP,0,0,0,0,0,2236.193534851074,0,0,0,2986.8353271484375,0,0,0,0,0,0,0,0,0,0,0,0,0,0,0,0,0,0,0,0,0,3939.061351776123,0,0,0,0,0,2560.969108581543,0,0,0,0,0,0,0,0,0,0,0,0,0,0,0,0,0,0,0,0,0,0,0,0,0,0,0,0,0,0,0,0,0,0,640.2040100097656,0,0,0,0,0,0,0,0,0,1520.9148330688477,0,0,0,0,0,0,0,0,0,0,0,0,0,0,0,0,0,0,0,0,0,0,0,0,0,3064.7244873046875,0,0,0,0,0,0,0,0,0,0,0,4863.940887451172,0,0,0,0,3640.9731216430664,0,0,0,0,0,0,0,0,0,0,0,0,0,0,0,2720.002841949463,1372.26708984375,0,0,0,4547.286708831787,0,0,0,0,0,0,0,0,0,4181.877853393555,0,0,0,0,0,0,0,1325.2066497802734,0,5470.608966827393,0,0,0,0,0,0,0,0,0,0,0,0,0,3395.5032806396484,0,0,0,0,0,0,0,0,0,0,0,0,0,0,0,0,0,0,0,0,0,0,0,6843.61545085907,2518.7339458465576,0,0,3145.5774536132812,0,0,0,0,0,0,0,906.3008575439453,0,0,0,0,0,0,0,0,0,3810.482141494751,0,0,0,0,0,0,0,0,0,0,0,0,0,0,0,5093.69548034668,0,1524.7680969238281,0,3256.59063911438,0,0,0,0,0,0,0,0,0,0,0,0,0,0,0,0,0,0,0,0,0,0,0,0,0,0,0,0,0,0,0,3050.9068298339844,0,0,0,0,0,0,0,0,0,0,0,0,0,0,0,0,0,0,0,0,0,0,0,0,0,0,0,0,0,0,0,0,0,0,0,0,0,0,0,0,0,0,0,0,0,0,0,0,686.861328125,0,0,0,0,0,0,0,0,0,0,0,0,0,1613.3865509033203,0,0,0,0,0,0,1023.59423828125,0,0,0,1128.7682189941406,0,0,0,0,0,0,0,0,0,0,4368.424476623535,0,0,0,0,4815.259246826172,0,0,0,0,0,0,2082.9685668945312,0,573.722412109375,0,0,0,0,0,0,0,1589.1912536621094,5959.237817764282,3431.8983001708984,0,0,0,0,0,0,0,0,0,896.6400756835938,0,391.3964538574219,0,0,0,0,4131.244094848633,0,3745.315643310547,0,0,0,0,0,0,0,0,0,1427.4953918457031,0,0,0,0,0,0,0,0,0,0,438.9776611328125,0,0,0,2315.5633850097656,0,0,0,0,0,0,0,1360.3977661132812,0,0,0,0,0,0,675.1287841796875,0,0,0,0,0,0,0,2956.3607177734375,0,2417.444881439209,0,1157.2156829833984,0,0,0,3902.0020141601562,0,0,0,0,0,0,4357.234436035156,0,934.057373046875,0,0,0,0,0,0,0,3078.689872741699,0,0,0,0,0,1042.0313720703125,0,0,910.7664489746094,0,0,0,3624.596715927124,0,0,0,0,0,0,0,0,0,0,0,828.9909820556641,0,0,0,0,3157.17879486084,0,0,0,4554.468050003052,0,0,0,0,0,0,0,0,0,0,0,0,2592.355276107788,0,1207.0193939208984,0,0,1794.8559532165527,973.8771362304688,0,4904.709241867065,0,4005.860321044922,0,0,0,0,0,0,4123.487266540527,0,0,0,0,667.86767578125,0,0,0,0,0,0,0,0,0,0,0,5102.068836212158,2105.9468383789062,0,0,2138.3155212402344,0,0,0,0,0,3687.850112915039,0,0,4541.705497741699,0,0,0,0,0,0,0,0,0,0,0,0,0,0,2935.812431335449,0,0,0,0,0,0,0,0,0,1080.713092803955,0,638.2835388183594,0,3173.0537128448486,0,0,0,2588.77685546875,0,0,5691.16436958313,235.05364990234375,0,0,0,798.4192504882812,0,0,0,0,0,0,0,0,0,0,0,0,0,0,0,0,0,0,0,0,0,0,0,4249.622386932373,0,0,0,0,0,0,0,0,0,1277.7333984375,0,0,0,0,0,0,0,0,0,0,0,0,0,0,0,0,0,3400.184440612793,0,0,0,4902.701705932617,4474.729986190796,0,0,0,0,0,0,0,0,0,0,0,2668.6930389404297,0,0,946.1771106719971,0,0,0,0,0,0,0,0,0,0,4076.314052402973,0,0,0,0,0,0,0,0,715.9151306152344,0,0,1075.864501953125,0,0,0,0,0,0,0,0,0,0,3591.7983169555664,0,0,0,0,0,0,0,0,0,0,0,0,844.8261566162109,0,0,0,0,3864.558349609375,0,0,0,0,0,0,0,0,0,0,0,0,0,0,4694.298847198486,0,0,0,3450.6183700561523,0,0,0,6341.257968902588,0,0,0,0,0,0,0,0,0,5645.931752443314,7087.532037734985,0,896.6400756835938,0,3998.1566772460938,0,0,0,0,0,0,0,0,828.0803833007812,0,0,0,0,0,0,0,0,0,460.2021179199219,2155.9087829589844,0,0,0,0,0,0,0,0,0,0,4725.095375061035,0,0,0,0,0,2130.8458404541016,0,4772.753383636475,0,1850.8104553222656,0,0,1955.8070678710938,0,0,0,0,0,0,0,0,2878.2603673934937,0,0,0,0,0,0,0,0,0,0,500.2597351074219,0,0,1188.2646179199219,246.83737182617188,0,0,0,0,0,0,0,1249.140396118164,5474.03995513916,3703.9733123779297,0,0,0,0,0,0,0,0,2121.536542892456,0,0,0,0,0,0,0,0,0,0,0,0,0,0,0,0,0,0,0,1333.525375366211,1243.367660522461,0,0,0,0,4705.602630615234,0,0,0,0,0,0,0,0,0,1800.3157348632812,0,0,0,0,0,0,0,0,671.9871826171875,0,0,0,0,0,0,0,0,0,0,0,0,2329.980567932129,0,0,0,0,854.4402008056641,0,0,0,2048.2759857177734,0,0,0,0,0,0,0,0,0,0,0,0,0,0,0,0,0,0,0,0,0,0,0,0,0,0,0,0,0,0,0,1092.4459381103516,0,0,0,0,0,3622.993194580078,0,1912.3867359161377,0,0,0,0,0,0,0,0,0,0,415.092041015625,0,0,0,0,2980.818145751953,0,0,0,0,0,0,0,0,0,3415.6932373046875,0,0,0
MP,0,0,0,0,0,2614.814182281494,0,0,0,0,1571.5785827636719,0,0,0,0,0,0,0,0,0,0,0,0,0,0,0,0,0,0,0,0,0,1507.1872253417969,0,0,0,0,0,0,0,0,0,0,0,0,0,0,0,0,0,0,0,0,0,0,0,2999.5142097473145,0,0,0,0,0,0,0,0,0,0,0,0,0,0,0,0,0,0,0,0,905.2451782226562,0,0,0,0,0,0,1519.4737586975098,0,0,0,0,0,1929.2543334960938,0,0,0,0,0,0,0,0,0,0,0,0,0,0,0,0,0,0,0,0,0,0,0,0,0,0,931.7452850341797,0,0,0,0,0,0,0,0,0,0,0,0,0,0,0,0,0,0,0,0,0,0,0,0,0,0,0,0,0,0,0,2872.4517364501953,0,1053.2323989868164,0,0,0,0,0,0,0,0,0,0,0,0,3946.7061614990234,0,0,2052.9875259399414,0,5242.650804519653,0,0,0,0,0,0,0,2453.759496688843,0,0,0,0,0,0,0,0,0,0,0,0,0,0,0,0,0,0,0,0,0,0,5359.920799255371,0,0,0,0,0,0,1195.45849609375,0,0,0,0,0,0,0,0,0,4426.339462280273,0,2105.449836730957,0,0,0,0,0,0,0,0,854.1531677246094,3685.698013305664,0,0,0,0,0,2556.4033241271973,0,0,0,0,0,0,1228.7100524902344,1782.2856369018555,0,0,0,5721.712784767151,0,0,0,0,0,0,1713.3875198364258,0,0,0,0,0,1605.9306030273438,0,0,2305.074966430664,0,0,0,0,0,5395.463167309761,1609.043701171875,0,0,0,0,2256.8958892822266,0,0,0,0,3067.650107383728,0,0,0,0,0,0,4455.78373336792,0,0,0,0,0,0,0,0,0,2149.9766874313354,0,0,0,0,0,0,0,0,3136.276421546936,0,0,0,0,0,0,1713.1737670898438,0,0,0,0,0,0,0,0,0,0,0,0,0,4357.987091064453,695.9112930297852,0,0,0,0,0,0,0,0,0,0,0,0,0,0,0,0,0,0,0,0,0,0,0,0,0,4949.0908308029175,761.7951049804688,0,0,0,5003.235687255859,1813.3767518997192,0,0,0,0,0,2361.3987617492676,893.5014114379883,2680.4484996795654,0,589.0145130157471,2873.182096004486,0,0,0,0,0,0,0,0,0,961.7073429822922,0,0,237.87982177734375,0,0,0,0,2589.4810180664062,1323.7504959106445,0,0,0,1119.62646484375,0,0,0,0,0,0,0,4362.452651977539,0,0,1356.8499374389648,0,0,0,0,0,0,0,0,1776.791643023491,0,0,0,0,0,0,0,0,0,1747.29909324646,0,0,0,1766.1453552246094,0,0,0,0,0,0,0,0,0,0,0,1512.4462995529175,0,0,0,0,0,0,0,0,0,0,0,0,0,0,410.4201126098633,0,0,0,0,5094.916840553284,3743.0334701538086,0,0,0,0,0,0,0,0,0,0,0,0,354.6529846191406,0,0,0,0,0,0,0,0,0,0,711.4170074462891,0,0,663.4353332519531,0,0,0,0,0,0,0,0,0,0,0,0,0,0,0,0,1138.08349609375,0,0,0,0,0,0,0,1093.0369415283203,3561.8356857299805,0,0,0,0,0,0,0,0,0,0,0,0,0,0,0,0,0,0,0,0,0,420.09173583984375,0,0,4950.867706298828,0,0,0,0,0,521.2341003417969,0,0,0,0,0,0,0,0,0,1683.979507446289,0,0,0,0,0,0,0,1899.9952669143677,0,4528.876968383789,0,0,0,0,3423.5555629730225,0,0,0,3371.7345056533813,0,4289.90022277832,2511.941665649414,0,2669.601616859436,0,1980.6645278930664,0,0,0,0,0,0,1706.9588623046875,0,0,0,0,0,0,0,0,0,1767.2928009033203,0,0,0,0,0,0,0,0,0,0,4918.125370979309,0,0,0,0,0,0,0,1223.8245849609375,0,0,0,0,0,0,0,0,0,0,1909.4951524734497,3644.929473876953,888.9631500244141,607.9015693664551,0,0,0,0,0,0,0,0,0,0,0,0,0,0,0,0,0,0,0,2134.953846693039,0,0,0,0,0,0,3044.4938354492188,0,0,0,0,0,2654.451705932617,0,0,0,2338.21541595459,0,0,0,861.024658203125,0,0,0,0,0,0,0,0,0,0,0,0,0,3393.322639465332,0,0,0,0,2706.305694580078,0,0,0,0,0,0,0,0,0,0,0,0,0,0,0,0,860.3183193206787,0,0,0,1342.9334182739258,0,0,0,0,0,1267.8535766601562,0,0,0,1163.669906437397,0,0,0,0,0,0,0,1405.6700286865234,0,0,0,0,0,0,0,0,0,0,0,0,0,0,0,4397.901565551758,0,0,0,0,0,0,0,0,0,0,0,0,1281.0182495117188,0,0,0,0,0,0,0,0,0,0,0,0,1890.3694076538086,3293.3062658309937,0,0,0,0,0,0,0,0,0,0,0,0,0,0,0,0,0,0,0,0,1901.0919952392578,0,0,0,0,0,2536.4531784057617,0,4033.024616241455,0,0,3962.861885070801,0,0,0,0,0,0,0,0,0,0,0,0,0,0,0,6011.463008880615,0,0,0,0,0,0,0,0,990.6858100891113,0,0,0,0,0,0,0,0,0,3228.6709213256836,0,0,437.5677185058594,0,0,0,0,0,2710.467502593994,0,0,2256.263885498047,2968.7035217285156,0,0,0,0,0,0,0,3962.055950164795,0,0,0,0,0,0,0,0,0,0,0,0,0,0,0,0,0,0,0,0,0,0,0,0,0,0,0,0,0,0,0,0,0,0,0,0,0,0,0,0,0,0,0,0,0,0,0,0,0,1394.6550903320312,0,0,0,0,0,0,0,0,0,0,0,2422.8739359378815,0,0,0,0,0,0,0,0,0,0,0,0,0,0,0,0,0,0,0,0,0,0,0,506.8146667480469,0,0,0,0,3844.5545406341553,0,0,0,0,2098.1262130737305,0,0,0,0,0,0,660.0143127441406,0,0,1780.302734375,0,0,0,0,0,0,0,0,0,0,0,0,0,3050.868980407715,0,0,0,0,0,973.0312423706055,0,0,1580.73952293396,0,0,0,0,0,0,0,0,0
PM,4852.0,0,0,4648.0,7280.0,0,0,0,8147.0,0,1474.0,0,0,0,0,2452.0,10560.0,3110.0,0,0,2338.0,0,0,0,0,6757.0,0,5100.0,6565.0,0,0,2472.0,3784.0,4288.0,0,0,0,7742.0,0,976.0,0,9667.0,6861.0,5827.0,5478.0,0,6736.0,0,0,0,1941.0,169.0,0,0,0,0,1489.0,0,2220.0,2121.0,7632.0,0,5270.0,1664.0,0,9166.0,0,0,0,14112.0,2968.0,8010.0,0,1083.0,0,0,2961.0,0,4901.0,8296.0,0,1170.0,12112.0,0,0,0,0,1258.0,25711.0,7068.0,0,5768.0,4666.0,0,0,0,2376.0,0,3159.0,961.0,2549.0,2086.0,3873.0,0,8778.0,2838.0,7235.0,0,0,1856.0,0,9475.0,0,0,8570.0,4192.0,1937.0,0,0,0,0,0,0,1398.0,11992.0,9728.0,2324.0,0,0,0,0,0,1209.0,0,0,9796.0,0,1634.0,7274.0,0,6177.0,0,11438.0,0,4729.0,8731.0,1143.0,2949.0,0,0,2366.0,2569.0,0,0,7397.0,0,0,0,0,8573.0,9215.0,6174.0,3449.0,8118.0,0,0,0,5873.0,0,10472.0,0,0,7486.0,1892.0,0,16367.0,0,8800.0,5745.0,0,6488.0,0,0,1944.0,0,0,7743.0,0,2941.0,0,0,1076.0,0,0,2256.0,3544.0,0,7648.0,0,10387.0,2903.0,2369.0,0,2955.0,2715.0,10071.0,0,5619.0,1778.0,6945.0,3474.0,3420.0,3036.0,0,0,3121.0,14925.0,0,8643.0,1159.0,1034.0,0,10274.0,3588.0,0,2983.0,10043.0,4832.0,0,5346.0,5749.0,0,7508.0,0,0,3180.0,0,0,0,7652.0,0,1202.0,0,1231.0,945.0,0,6662.0,5144.0,0,0,0,0,3841.0,6928.0,0,7730.0,0,3197.0,2488.0,13156.0,0,0,0,0,4977.0,0,986.0,1921.0,0,808.0,0,0,0,0,0,0,0,3782.0,0,0,4354.0,944.0,0,845.0,0,0,0,0,4257.0,5943.0,0,9269.0,0,9860.0,6597.0,1471.0,6205.0,0,0,7050.0,8774.0,0,4052.0,8342.0,0,0,6529.0,3984.0,3174.0,2449.0,882.0,10486.0,0,2262.0,0,0,10172.0,0,0,3408.0,0,4332.0,6622.0,0,0,4014.0,0,5367.0,0,0,0,0,0,0,0,0,0,1435.0,936.0,1708.0,0,3685.0,6215.0,14278.0,1120.0,0,0,0,1991.0,0,0,9205.0,10021.0,0,0,1912.0,0,0,0,0,1632.0,5426.0,0,6840.0,0,0,0,784.0,0,2784.0,0,6104.0,992.0,0,0,10247.0,1260.0,0,0,0,0,3101.0,0,4095.0,0,0,7143.0,2934.0,6375.0,0,0,3944.0,0,1024.0,3752.0,1342.0,0,10198.0,0,8004.0,2630.0,8827.0,2236.0,3197.0,0,0,10194.0,0,256.0,0,4337.0,0,3170.0,0,0,0,0,0,0,0,8115.0,0,0,0,9990.0,1112.0,6446.0,0,0,0,9579.0,0,7076.0,0,0,0,6653.0,9792.0,0,6735.0,4443.0,734.0,0,7933.0,11707.0,0,3649.0,0,0,0,0,0,0,0,1402.0,3960.0,3382.0,0,0,0,0,0,2886.0,0,0,995.0,0,1324.0,0,0,0,0,1875.0,3276.0,7267.0,9346.0,2899.0,9569.0,8231.0,0,0,6856.0,0,10121.0,6297.0,0,7254.0,0,10590.0,5134.0,3268.0,0,0,0,9224.0,0,0,962.0,0,0,935.0,3283.0,0,0,6769.0,248.0,4802.0,0,10472.0,5334.0,0,0,0,0,8375.0,0,1892.0,9179.0,5185.0,4286.0,2894.0,4573.0,0,0,0,2128.0,0,3601.0,0,0,4796.0,0,0,0,0,5174.0,0,0,0,5482.0,0,640.0,10742.0,0,0,0,6592.0,0,4955.0,9015.0,0,0,0,0,5512.0,7552.0,0,0,0,0,0,1222.0,1180.0,1105.0,3764.0,0,0,0,0,0,0,7265.0,0,7941.0,0,1361.0,16499.0,11069.0,3912.0,0,0,0,0,0,0,8475.0,0,2260.0,5995.0,0,0,0,7574.0,0,0,0,8982.0,0,1545.0,4028.0,0,0,1444.0,1947.0,0,5090.0,0,0,8119.0,0,0,0,0,0,0,0,2828.0,5632.0,0,0,2272.0,5425.0,0,0,0,0,0,1166.0,4390.0,0,7279.0,0,1195.0,10503.0,0,0,0,0,7340.0,4813.0,3036.0,6688.0,5043.0,0,2434.0,6192.0,0,0,3767.0,1408.0,8413.0,0,996.0,11951.0,0,0,17663.0,7169.0,3881.0,3628.0,0,0,727.0,0,0,0,8993.0,3544.0,0,0,12625.0,0,0,0,0,8076.0,10214.0,1545.0,0,10692.0,0,0,1357.0,10112.0,6715.0,0,0,11462.0,0,450.0,0,0,0,10088.0,0,1071.0,7217.0,3635.0,0,0,6201.0,11027.0,8780.0,1786.0,0,3276.0,0,3629.0,7317.0,5325.0,0,9682.0,0,0,6030.0,0,3283.0,0,0,0,0,0,0,0,482.0,6540.0,0,0,8555.0,0,7303.0,0,0,6358.0,10503.0,3979.0,0,7297.0,0,3234.0,0,0,3792.0,0,0,5918.0,0,0,8728.0,0,0,0,0,6488.0,3894.0,0,0,0,0,0,7081.0,0,1708.0,0,0,7188.0,1234.0,0,0,0,5027.0,0,2050.0,0,0,0,0,7114.0,0,7554.0,0,1042.0,0,0,2192.0,0,9508.0,0,6725.0,0,5781.0,0,0,0,10643.0,9410.0,0,0,0,6684.0,5888.0,0,0,7237.0,0,0,0,16071.0,0,0,2801.0,0,8256.0,0,0,6308.0,17706.0,0,0,0,3804.0,0,622.0,7640.0,0,3896.0,3591.0,2300.0,0,4012.0,0,946.0,0,0,0,0,0,7962.0,0,0,4906.0,0,0,2097.0,0,0,0,6500.0,1134.0,0,973.0,0,973.0,0,2345.0,4192.0,3642.0,2488.0,1324.0,8217.0,4954.0,0,0,0,0,0,0,6064.0,0,629.0,0,0,0,1320.0,1214.0,7012.0,1237.0,1897.0,4073.0,0,3072.0,8813.0,4264.0,0,1950.0,0,0,0,0,6226.0,6012.0,1921.0,0,2440.0,0,0,2497.0,4623.0,11233.0,946.0,0,3001.0,0,10800.0,2692.0,0,0,0,0,0,2787.0,2776.0,0,0,5267.0,1120.0,0,0,2911.0,2504.0,0,1593.0,0,0,0,3799.0,2398.0,1072.0,10229.0,0,0,2925.0,9510.0,1924.0,0,0,0,9546.0,5105.0,0,0,3458.0,0,10287.0,0,3140.0,5533.0,4339.0,0,10811.0,4267.0,0,0,0,1232.0,0,10119.0,7085.0,0,0,0,0,0,0,0,2612.0,2635.0,6624.0,5415.0,0,704.0,2084.0,7114.0,0,1065.0,0,0,0,1085.0,0,12179.0,0,0,4379.0,3664.0,6966.0,0,9614.0,2210.0,1810.0,0,0,793.0,0,0,10694.0,10455.0,10533.0,0,11276.0
MP,0,0,341.580322265625,0,0,0,0,0,0,0,0,0,738.9377136230469,0,0,0,0,1298.8287658691406,0,0,0,0,0,0,0,0,0,0,0,0,0,0,0,0,0,0,0,0,0,0,1155.4347305297852,0,0,0,0,0,0,0,0,0,0,0,0,0,0,0,0,0,0,0,0,0,2648.024948120117,0,0,0,0,0,2141.208984375,0,0,0,3587.8780155181885,0,0,7131.800016403198,911.2100219726562,0,0,0,0,0,0,0,0,0,2390.799835205078,0,0,4490.231554985046,1155.4020080566406,0,0,0,461.93817138671875,0,0,0,0,5737.884590148926,0,0,3877.8678665161133,0,0,0,0,0,0,0,0,0,0,1142.9041442871094,3406.254180908203,0,0,0,1945.6812133789062,3903.7634353637695,0,0,0,0,0,0,0,0,923.1466979980469,0,0,1739.885443687439,2228.65576171875,0,0,0,0,2393.88663482666,0,0,0,0,0,0,0,6011.605651855469,0,0,0,0,0,0,0,0,0,0,0,0,0,0,0,0,0,0,0,0,0,0,0,1933.3159561157227,0,0,0,0,0,0,0,0,0,0,0,0,0,0,0,2228.064067840576,0,0,0,0,0,0,0,0,0,0,0,0,0,0,1836.2588500976562,0,0,0,0,0,0,0,783.6478691101074,0,1121.1138305664062,0,0,0,0,3989.6299057006836,0,0,0,0,3736.6329650878906,0,2523.315399169922,0,2493.4340286254883,0,0,0,1959.8227233886719,0,0,0,0,0,928.7156372070312,0,0,0,0,0,0,0,0,0,0,6617.921457290649,0,0,1761.5450897216797,0,0,0,0,0,0,0,996.6379432678223,2794.3552322387695,404.37188720703125,901.2679443359375,0,0,0,0,0,0,0,0,0,0,1796.6534271240234,0,1182.2850036621094,0,0,0,0,0,1335.9265441894531,0,0,0,692.4091186523438,0,0,0,0,0,0,0,1503.7048873901367,0,0,0,0,0,0,0,0,0,0,0,0,0,0,0,0,0,0,0,0,0,0,1380.878619670868,0,0,0,1799.0971221923828,0,0,0,0,0,0,0,3897.810912132263,0,0,3640.81103515625,0,0,0,0,0,0,0,0,0,0,0,0,1075.1018447875977,0,0,0,0,0,0,0,0,0,0,0,0,0,6329.938056945801,0,0,0,0,0,0,0,899.8405151367188,1655.7544860839844,0,0,1276.1629638671875,0,0,0,0,0,0,0,0,5617.344253540039,0,0,0,0,0,0,0,0,825.0783081054688,0,0,0,0,0,1991.5840148925781,2813.755641937256,0,0,0,0,0,0,0,0,0,1491.8601608276367,0,0,0,0,0,1214.7049560546875,0,0,0,0,0,0,0,0,0,0,0,0,939.8393783569336,1894.0367584228516,0,0,0,0,0,0,0,0,0,0,0,0,0,0,0,0,0,0,0,0,0,0,0,0,0,0,0,0,0,0,0,0,0,0,0,0,0,0,2780.377426147461,0,0,0,0,0,1613.627426147461,0,0,0,0,0,0,0,2810.126235961914,0,0,0,0,0,2642.6346168518066,0,0,0,0,0,0,0,0,0,805.231201171875,3105.227424621582,0,0,0,0,0,4441.773983001709,2020.2832794189453,0,0,0,0,1013.9695434570312,0,0,0,0,0,0,0,0,0,0,0,0,0,0,0,0,0,0,0,0,0,0,2063.001983642578,3539.395056247711,0,0,0,0,0,0,2868.8602600097656,0,506.7377014160156,0,0,1148.7440423965454,0,0,0,0,0,4820.017517089844,0,0,0,0,0,0,0,0,0,0,0,0,0,0,0,0,0,0,0,0,0,758.1983953714371,0,0,0,0,0,0,0,0,0,0,0,0,0,0,0,0,0,0,0,0,0,4434.287956237793,691.9223937988281,0,3798.1138343811035,0,1208.861083984375,1109.6520080566406,2114.985584139824,1658.9619636535645,0,0,0,1141.7045288085938,0,0,0,0,0,3353.1040897369385,0,0,4609.071365356445,0,0,0,0,0,0,0,0,0,0,0,0,0,0,2165.5911254882812,0,0,0,0,0,0,0,0,3008.220344543457,3212.7037048339844,0,0,0,0,0,0,0,0,0,0,0,0,0,0,461.63800048828125,0,3317.840606689453,0,0,0,870.2464141845703,0,0,0,0,0,0,0,0,2326.4660415649414,0,0,306.48980712890625,0,0,0,0,0,0,0,0,0,0,0,0,854.1762390136719,0,1315.181884765625,1963.1342849731445,0,0,883.5509510040283,0,0,0,0,0,0,0,1704.0203247070312,0,0,0,0,0,0,0,0,0,0,0,0,408.3447265625,0,0,0,0,0,0,0,0,0,0,0,0,0,0,0,0,0,0,0,0,0,0,0,1523.2607262134552,0,0,0,0,0,0,0,0,0,3045.6038208007812,0,0,0,0,0,0,0,0,0,0,0,0,0,0,0,1351.82958984375,0,0,0,0,0,0,0,0,1482.8824310302734,0,0,0,1328.1934223175049,0,0,0,0,5815.421718597412,0,0,0,4748.81014251709,0,3218.542953491211,0,0,0,0,0,0,0,0,0,0,0,0,0,0,0,0,0,0,0,3105.3569869995117,0,0,0,0,0,0,7491.628662109375,4193.775970458984,0,0,2901.562858581543,0,0,0,3547.1123638153076,2929.203977584839,0,0,0,0,0,0,0,0,6465.928939819336,0,0,0,0,0,0,0,0,0,0,0,0,0,0,0,0,0,4209.246643066406,0,0,0,0,0,0,0,0,0,2672.203929901123,0,0,0,893.1594619750977,0,0,0,0,0,0,0,0,5066.8132610321045,0,0,0,0,0,0,2689.6512756347656,1048.994140625,0,0,0,0,6708.065981864929,0,0,6440.672401428223,4489.419394493103,0,0,0,0,0,0,0,0,0,0,0,0,0,0,0,0,0,0,0,0,896.7134704589844,1219.4273681640625,0,0,0,0,3994.4147338867188,4381.455219268799,2110.0196075439453,0,0,0,2712.6819763183594,0,0,0,0,0,0,0,0,2880.685775756836,0,442.7779541015625,0,0,0,0,0,0,0,0,0,0,0,0,0,0,0,0,0,6646.7794942855835,0,0,0,0,0,0,0,0,0,0,0,0,0,0,0,4905.5267162323,0,0,2181.2769775390625,0,2359.7885131835938,0,337.3230895996094,0,0,0,0,0,0,0,0,0,0,0,0,0,0,0,0,0,560.1596069335938,0,0,0,0,0,0,0,0,0,0
MP,0,0,0,0,0,0,0,0,0,0,0,969.7555084228516,0,0,2739.0322494506836,1161.5398178100586,0,0,0,957.4712829589844,0,0,3192.387451171875,0,0,0,0,2265.4892044067383,0,0,0,0,0,0,0,1043.5302734375,0,0,0,0,0,0,0,4950.971218109131,0,0,0,0,0,0,0,0,0,0,0,0,0,0,0,0,0,0,0,0,0,0,0,0,1110.9053649902344,0,0,334.6112060546875,0,0,0,0,0,0,0,0,0,0,0,4002.552703857422,0,3044.4168853759766,2343.5402603149414,0,0,2266.1477432250977,0,0,0,0,0,0,0,915.0762557983398,0,0,0,0,0,0,0,0,0,0,0,0,0,0,0,0,0,0,0,0,0,0,0,0,0,0,1959.9357452392578,0,0,0,0,0,0,0,3476.9521484375,0,0,0,0,2815.6083946228027,0,0,0,0,0,0,0,0,0,0,0,4631.473449707031,0,0,0,0,0,0,0,2145.2355194091797,0,0,0,0,0,0,0,0,1912.3128814697266,0,0,0,3162.563232421875,0,0,849.5334792137146,0,0,0,0,0,0,0,0,0,0,0,0,0,0,0,0,0,0,0,0,3140.6913986206055,0,6630.560897827148,0,0,0,0,1876.0310547351837,0,0,0,0,965.357421875,0,0,0,0,0,0,0,0,0,0,0,0,0,0,0,0,0,0,0,0,0,0,1833.4251708984375,0,0,1047.4510955810547,0,0,2768.886276245117,0,497.7445068359375,0,0,0,0,0,0,0,0,0,0,1349.31787109375,0,0,0,0,0,0,0,0,0,0,0,0,0,0,0,0,0,0,0,0,3979.9237670898438,0,0,0,0,0,0,4071.187568664551,1943.5413284301758,0,0,0,0,0,5899.6207275390625,0,0,0,0,0,0,0,0,0,0,0,0,0,0,6833.156138420105,640.4710845947266,0,1269.5455865859985,0,0,0,0,0,2038.2019538879395,1096.3257598876953,0,0,0,0,0,0,0,0,0,0,2331.336965560913,0,0,2205.2945804595947,0,0,0,0,0,0,0,0,0,0,0,0,0,0,0,0,0,0,0,0,0,0,0,0,865.61865234375,0,0,0,0,0,0,0,0,0,0,0,0,0,0,0,0,0,0,0,0,0,0,0,0,0,0,0,0,0,0,0,0,4790.421120643616,0,0,0,0,4478.302207946777,5826.3685131073,0,0,0,0,0,0,0,0,2332.4602546691895,0,0,0,0,0,3043.3713455200195,759.9386596679688,0,0,0,0,0,688.6027221679688,710.0761413574219,0,0,0,0,0,0,0,0,0,0,0,0,0,0,0,0,3647.0817947387695,4479.403469085693,0,0,0,4614.22936630249,0,2057.3963012695312,0,0,0,0,0,0,3445.9557609558105,1629.4864501953125,0,0,0,0,0,0,4638.638048171997,0,0,0,0,0,0,4889.512313842773,0,0,0,0,2341.3879776000977,0,0,0,0,0,0,0,0,0,0,0,0,0,0,0,1003.9505615234375,0,0,0,0,0,0,0,0,0,0,0,0,0,0,0,0,0,0,0,0,0,0,0,0,968.9012756347656,0,0,0,0,0,0,2245.3753356933594,0,0,0,0,0,2329.0279235839844,0,0,0,0,0,0,0,3592.4048347473145,0,0,0,0,0,0,0,0,0,0,0,0,0,0,0,0,0,0,0,1625.0438995361328,0,0,0,0,0,2797.4587326049805,0,0,0,4244.210792541504,0,0,1990.1867065429688,0,0,0,0,0,0,0,1009.821310043335,3488.1965713500977,0,1760.613998413086,0,0,0,0,5565.67741394043,0,0,0,0,0,843.0704803466797,0,742.1258697509766,0,0,0,0,0,0,0,0,0,6513.707973480225,1375.290771484375,0,931.6409759521484,0,0,0,0,0,0,0,0,0,0,0,355.3576354980469,0,0,0,0,0,0,0,0,0,0,2150.7170181274414,0,0,0,5931.208155632019,1709.2819747924805,0,1494.9884643554688,862.1484985351562,0,2800.1061401367188,0,5500.507698059082,0,0,0,0,0,0,0,0,0,0,0,0,0,0,0,0,1537.9758605957031,0,0,0,0,0,0,0,0,0,0,0,0,0,0,0,0,0,0,0,1516.8685200214386,0,0,0,0,0,0,0,0,0,0,0,0,0,0,0,0,1072.2485313415527,0,0,0,4215.622188568115,0,0,0,4920.883133172989,0,0,0,0,201.27224731445312,0,0,0,0,0,3991.1963806152344,0,0,0,0,0,0,0,0,0,0,2043.593522310257,0,0,0,0,3308.005599975586,4322.9915199279785,0,0,0,0,0,1956.6854209899902,0,0,0,1757.87060546875,0,0,0,0,0,0,0,4349.42214179039,3207.1758880615234,0,0,0,0,0,0,0,0,0,0,0,0,0,0,0,1002.443359375,0,0,0,0,0,0,0,0,0,0,0,0,0,0,0,0,0,0,0,0,0,0,0,0,5708.1219745874405,0,775.8490600585938,0,0,0,0,0,1019.8314170837402,0,0,736.7517395019531,0,668.0811157226562,0,0,0,0,0,3454.555145263672,0,0,0,0,0,0,0,0,0,0,0,0,0,0,0,0,0,0,0,0,0,0,0,1468.0014953613281,0,0,0,0,0,0,0,0,2512.7611389160156,0,763.7685546875,0,0,0,0,0,0,1082.6978454589844,0,0,2928.7876586914062,0,1248.6089477539062,0,0,0,0,0,0,0,0,2567.44140625,0,0,0,0,0,0,0,0,693.4820861816406,3271.0164947509766,0,4486.888389587402,0,0,0,0,0,0,0,0,0,0,0,0,0,0,0,0,0,0,0,0,0,0,0,0,0,0,0,0,0,0,0,0,0,0,0,0,0,0,0,0,0,0,0,0,0,0,0,0,0,0,0,0,0,0,0,3408.056657999754,0,0,0,0,0,0,0,0,0,0,0,0,0,0,0,0,4761.173938751221,0,0,0,0,0,3862.027053833008,0,0,0,0,0,0,0,0,0,0,0,0,0,0,0,0,0,0,3715.563377380371,0,0,0,0,0,0,0,0,0,0,0,0,1546.2345733642578,0,0,2243.1585693359375,0,0,0,0,4817.546995162964,0,0,0,0,3567.74853515625,0,0,0,0,0,0,0,0,3668.9837036132812,928.6353302001953,0
MP,0,0,3342.364273071289,0,0,1704.3601837158203,0,0,0,0,0,0,830.4715576171875,0,0,0,0,0,0,0,0,0,0,0,0,0,0,0,598.9973449707031,6005.479642868042,5287.4221534729,0,0,0,0,1166.9647521972656,0,0,0,0,0,0,0,3952.9600257873535,0,0,0,0,0,0,0,0,0,0,0,0,0,0,3211.1278228759766,0,0,2251.2887954711914,0,0,0,0,0,0,0,0,4106.79621887207,0,6521.786212921143,0,1589.7584991455078,0,0,0,3056.1890869140625,0,0,0,0,0,0,706.2879638671875,0,0,0,2300.123825073242,947.0984497070312,0,0,1951.2855224609375,0,0,0,0,0,0,0,0,5792.656726837158,0,0,0,0,0,1456.592758178711,0,0,0,0,0,0,2998.733871459961,0,0,930.5605773925781,0,1014.9994735717773,0,0,0,0,0,0,0,0,0,0,0,0,0,0,0,0,0,0,0,0,0,0,1686.1149139404297,0,0,0,0,4287.974294662476,0,0,0,0,0,0,0,0,0,0,0,0,0,0,0,0,0,0,0,0,0,0,0,0,0,0,0,0,0,0,0,0,890.1616821289062,0,1675.2511291503906,0,0,0,0,0,3152.535400390625,0,4485.423587799072,2229.8598346710205,0,0,0,0,0,0,2042.5849609375,2599.0717544555664,0,0,0,0,0,0,0,0,0,0,0,0,0,0,0,837.8826904296875,0,0,966.581298828125,0,0,0,0,0,0,0,0,0,0,0,2083.9329528808594,0,0,0,1512.0501251220703,0,0,216.8949737548828,0,0,0,0,0,2958.643508911133,0,0,0,0,0,0,0,0,0,0,0,0,0,0,0,0,0,0,0,0,0,0,0,0,0,0,5459.42453956604,1234.1929054260254,0,597.4762954711914,0,0,0,0,0,0,0,0,0,0,0,0,0,1086.784652709961,0,0,0,0,0,0,0,1091.85888671875,0,0,0,0,0,0,0,0,0,0,0,0,0,784.4110412597656,0,3368.282958984375,1156.500747680664,5466.237060546875,0,0,0,0,0,0,0,0,0,0,0,0,0,0,0,0,0,0,0,0,0,0,0,0,0,0,0,0,0,0,0,0,0,0,0,4001.561195373535,0,0,0,0,0,0,0,0,0,0,0,0,0,0,0,0,0,3596.540054321289,0,0,3226.6295623779297,0,2115.366371154785,2819.623046875,0,0,0,0,0,0,0,3948.553909301758,0,0,0,0,0,0,0,0,1015.2491207122803,0,0,2266.3470153808594,0,0,4614.44783782959,0,950.5795593261719,0,0,0,0,0,0,0,0,0,0,0,0,0,0,0,0,0,0,0,0,0,0,0,0,0,0,0,0,0,0,0,0,0,0,0,0,0,0,698.4053649902344,0,0,0,0,1170.8324584960938,0,0,3126.551223754883,0,0,0,0,0,0,0,795.0359916687012,0,0,0,0,0,0,784.4110412597656,0,0,0,2659.7052268981934,0,0,0,0,0,0,0,0,0,0,0,0,0,0,0,0,1478.7160034179688,0,0,0,3042.0536346435547,0,0,0,0,1523.2061767578125,0,0,0,0,0,0,679.4105224609375,963.9834594726562,0,0,0,0,0,0,0,0,0,0,0,0,0,0,0,0,2349.0211791992188,0,0,0,0,0,884.064453125,0,0,820.8388214111328,0,0,0,0,0,989.9663467407227,0,0,1761.4255228042603,0,1486.8188552856445,1730.815055847168,2827.0191209316254,0,810.3963012695312,0,0,0,0,0,0,0,0,0,0,0,0,0,494.1876220703125,0,988.1254653930664,0,0,0,0,0,0,0,5869.828964233398,4831.974609375,0,0,0,0,0,0,3074.7381286621094,0,0,0,0,0,0,0,0,0,3745.988452911377,0,0,0,0,0,0,0,0,0,0,0,0,0,0,0,0,1396.0975341796875,0,0,0,1589.7302551269531,0,0,0,0,0,0,0,0,0,0,0,0,0,0,1945.6026306152344,0,0,0,681.5359039306641,0,0,0,0,0,0,0,0,0,0,0,0,0,0,0,0,0,0,0,0,0,0,0,0,0,0,0,0,0,0,2582.0680541992188,0,0,0,0,5399.017074346542,0,0,1286.2715454101562,0,0,0,0,0,0,0,0,2215.8029947280884,0,0,0,0,0,4579.733337402344,0,0,0,0,0,0,0,994.2658376693726,0,943.2485198974609,0,0,0,0,0,0,0,0,3633.489700317383,0,0,0,0,0,0,0,0,0,2432.2748413085938,0,0,0,0,0,0,3075.5878295898438,0,0,0,0,0,0,0,0,0,0,0,0,0,0,891.1188926696777,0,0,0,0,0,0,4750.722137451172,0,0,0,0,0,0,0,0,0,1844.948013305664,1161.0646619796753,5252.407470703125,1771.912338256836,0,0,2312.3170013427734,0,0,0,0,3733.195149421692,0,0,0,0,3299.0654907226562,0,0,0,0,0,0,0,0,0,0,0,0,0,0,0,0,0,0,0,0,0,0,0,0,0,0,0,0,0,0,0,0,0,0,0,0,0,0,0,0,0,0,0,0,0,0,0,0,0,1893.4427490234375,1475.0749206542969,0,0,0,0,0,0,0,0,0,0,0,0,0,903.6524658203125,0,0,0,2996.210594177246,0,0,0,0,0,6985.170757293701,0,0,0,0,0,0,0,0,0,0,0,0,0,0,0,0,0,0,0,0,0,0,0,1640.5651969909668,0,0,0,0,0,0,0,0,1182.760154724121,0,0,0,0,0,3003.579294204712,0,0,0,0,0,0,0,0,0,0,0,0,0,0,0,0,3480.069061279297,0,0,0,0,0,0,0,0,0,0,1881.5146026611328,0,0,0,0,0,0,0,0,0,0,0,0,0,0,0,0,0,0,0,0,0,0,0,0,0,0,0,0,0,0,0,0,0,0,0,0,0,0,0,0,0,0,2620.06201171875,0,0,0,0,0,0,0,0,0,0,0,0,1397.5169563293457,0,0,0,2068.079460144043,0,0,0,0,790.6611175537109,0,983.0783538818359,0,0,0,0,0,0,2550.3461532592773,0,565.1773376464844,0,2426.5049057006836,0,0,0,2211.489601135254,0,0,0,0,0,0,0,2141.6729736328125,0,0,0,0,0,0,0
MP,0,6155.224278450012,990.8931159973145,0,0,0,0,0,0,0,0,0,0,0,0,0,0,0,980.0752258300781,0,0,0,0,0,0,0,0,0,3207.1803970336914,2997.002395629883,0,0,0,353.77752685546875,0,0,0,0,0,0,0,0,0,0,0,0,0,0,1045.0890350341797,0,0,0,0,0,0,0,6064.142812252045,0,1310.1859741210938,0,0,0,0,0,0,0,0,3470.106632232666,0,0,0,0,0,0,0,0,0,0,0,0,0,0,0,1851.2315673828125,0,0,0,0,825.9423279762268,5323.1708984375,1322.0933227539062,0,908.3330688476562,0,1648.0438079833984,0,0,0,0,0,0,5522.361989974976,6919.310861587524,0,0,0,0,0,0,0,0,0,5274.727458953857,0,0,0,0,0,0,0,0,4802.060434341431,0,0,4670.959423065186,0,0,0,0,0,5684.228164672852,1275.0242614746094,0,0,0,0,0,1631.1457786560059,0,0,1923.3486022949219,0,0,0,0,0,0,1312.4013214111328,0,0,0,0,0,0,0,0,0,0,0,0,0,0,0,0,0,0,0,0,0,0,0,0,0,0,0,0,0,0,0,0,2191.811279296875,0,0,196.29930114746094,0,0,0,0,0,0,0,0,0,0,0,0,0,3636.4537353515625,0,0,0,0,0,0,0,0,0,0,0,743.9631881713867,0,0,0,0,0,0,0,0,0,0,0,0,6036.081401824951,0,809.8832545280457,0,0,0,0,0,4543.770800232887,0,0,3101.215591430664,1333.046875,0,0,0,0,0,0,0,3835.2374572753906,0,0,0,0,0,0,0,0,0,0,3686.254913330078,5179.354934692383,0,0,0,0,0,0,0,0,0,0,0,788.2051391601562,0,0,0,0,0,0,0,0,0,0,0,0,5352.940402984619,0,0,0,2060.548858642578,0,0,0,0,0,0,0,0,0,0,0,0,0,0,0,0,0,0,0,0,0,0,0,0,0,0,1793.1410522460938,0,0,0,0,0,0,2910.35982131958,0,0,0,0,0,0,2322.9031982421875,1147.176498413086,0,0,0,0,0,0,0,0,0,0,0,0,0,0,0,0,0,0,0,0,0,0,0,0,0,1797.3606634140015,0,0,0,0,0,0,0,0,0,0,0,0,0,4712.815299987793,0,0,0,0,2534.9958543777466,942.7694549560547,655.4559631347656,0,0,875.4595336914062,0,0,0,0,1609.504051208496,0,0,0,0,0,0,2620.2237281799316,0,1234.0756225585938,0,0,0,0,0,0,0,0,0,0,0,0,0,0,0,0,0,1477.504768371582,2886.644298553467,0,745.5831909179688,0,0,0,0,649.4047393798828,0,0,0,0,2028.7565307617188,5085.510032653809,0,0,0,0,0,0,0,0,0,0,0,0,0,0,0,0,0,0,0,0,0,0,0,0,0,0,0,0,0,0,2018.0634536743164,0,0,0,0,6616.073371887207,0,1132.3797416687012,0,3749.1414909362793,0,0,0,0,0,0,1069.5459613800049,0,0,3331.7362022399902,0,0,3579.7755126953125,0,0,0,0,0,0,0,0,4874.552383422852,0,0,899.1322326660156,0,0,0,2642.13916015625,0,0,0,0,0,0,0,0,0,0,0,0,0,0,595.6098861694336,0,0,0,0,0,0,0,6758.326095581055,0,0,0,0,0,0,0,0,0,0,0,0,0,0,0,0,0,0,0,0,0,0,0,0,0,0,0,0,0,0,0,0,0,0,943.2175664901733,0,1809.3650360107422,0,1028.573127746582,0,0,0,0,0,0,0,584.6036128997803,0,0,0,899.0867462158203,0,0,0,0,959.0103302001953,3397.3761138916016,0,0,0,0,0,0,0,0,0,0,0,0,0,0,3138.721305847168,0,0,0,0,0,0,0,0,0,0,0,0,0,0,0,0,0,0,0,0,0,0,3751.040969848633,5633.279205322266,0,0,0,0,0,0,0,0,0,0,0,471.53533935546875,0,0,0,0,0,0,0,1316.2528839111328,2694.015670776367,0,0,0,3194.5046310424805,0,0,0,0,0,0,0,0,0,2440.1755180358887,712.7740173339844,0,978.8861694335938,0,0,2005.6787109375,0,2506.883087158203,0,0,2441.1201095581055,0,0,1864.8224258422852,0,0,0,0,1452.76806640625,0,0,0,0,0,0,0,0,0,0,0,0,0,0,0,0,0,0,0,412.44110107421875,0,0,0,0,509.7237548828125,0,0,0,0,3029.880485534668,0,0,0,0,0,0,0,0,0,0,0,0,0,0,0,0,2556.425979614258,0,0,0,0,0,0,0,0,0,2092.383987426758,0,0,530.3132934570312,0,0,0,0,0,0,1871.8674547672272,0,0,0,0,0,0,0,0,2373.7239379882812,0,0,0,0,830.082763671875,966.2044372558594,0,0,0,0,0,0,0,0,0,0,0,2357.364845275879,3696.7948722839355,0,0,0,0,1235.765625,0,0,0,0,0,0,0,0,0,0,0,0,0,0,0,0,0,0,0,1762.5014953613281,0,0,0,0,0,0,0,0,0,0,0,0,0,0,0,2291.9361572265625,0,0,0,0,0,1842.1489791870117,1482.2501678466797,0,0,0,0,0,0,2277.2914428710938,0,0,0,0,0,0,0,0,0,0,6492.6856327056885,0,0,0,2635.206817626953,4723.514368057251,0,0,0,0,2146.6292724609375,2879.0977783203125,0,0,0,0,0,0,0,0,0,0,0,0,0,0,0,0,0,0,0,0,0,0,0,0,0,0,0,0,0,3350.5489501953125,0,0,0,0,0,0,0,939.7022399902344,0,0,0,0,0,0,0,0,0,2316.7835083007812,1848.3585205078125,0,0,0,0,0,0,0,0,0,0,0,0,0,0,0,0,1708.546154975891,3415.2249603271484,0,0,0,976.0364707708359,0,771.7115325927734,0,0,0,0,0,0,0,0,0,0,0,0,0,3066.974594116211,0,0,0,7112.717308044434,0,3401.0644421577454,0,1941.114731311798,0,0,5949.637832641602,0,0,0,1626.2049140930176,0,0,0,0,0,0,0,0,0,0,0,4633.3148765563965,0,0,0,6669.717102050781,0,0,0,0,0,0,2239.2222576141357,0,0,0,0,0,0,1387.0310668945312,0,0,0,0,0,0,0,0,6361.688618659973,0,0,0,0,0,0,0,0,3308.0938110351562,0,0,0,0,5814.623157501221,0,0,0,0,0,0,0,0,2121.080390930176
MP,0,0,0,0,0,0,1322.048270225525,0,0,1004.5755615234375,0,0,0,0,0,0,0,0,0,0,1317.9324951171875,0,0,0,981.0380806922913,0,0,0,0,0,0,0,1320.7149658203125,0,0,0,0,1359.3192520141602,0,0,0,0,0,0,0,0,0,0,0,0,0,3506.426893234253,0,0,0,0,7994.854753255844,0,0,0,0,0,0,0,0,0,7779.1649169921875,0,1064.3702392578125,0,0,0,0,0,0,0,0,3488.0546493530273,0,0,4254.511260986328,0,0,0,0,0,0,0,0,0,0,0,0,1279.0901565551758,0,0,0,0,0,0,1166.2586669921875,0,0,0,0,0,0,4392.721061706543,0,0,0,0,0,0,0,1044.1150665283203,0,0,0,0,0,0,0,0,0,0,0,0,0,0,0,0,0,0,0,0,0,0,0,0,0,0,0,0,0,0,0,0,1778.461181640625,972.3789672851562,1213.898554801941,519.8296508789062,0,2335.430564880371,0,1606.075838804245,0,0,0,571.4065399169922,0,0,0,0,1488.4034118652344,0,0,0,0,0,0,0,743.1847534179688,0,0,0,0,0,0,0,0,0,1880.6242904663086,379.93218994140625,3866.0923194885254,0,0,0,0,0,0,0,0,0,0,0,1508.9628601074219,0,0,0,0,0,0,0,0,0,0,0,0,0,991.708740234375,0,0,0,0,0,0,2118.289352416992,0,0,0,1433.5137519836426,0,0,0,0,0,0,0,0,675.1892547607422,2360.216094970703,0,0,0,0,0,1564.5569915771484,0,0,0,0,0,6025.405012130737,0,0,0,0,2757.3797750473022,905.3998794555664,0,0,0,0,0,0,0,0,0,0,0,0,5642.900295257568,0,0,1764.2765502929688,0,0,0,0,0,2049.434066772461,0,0,3125.119535446167,0,3325.6300354003906,1170.6033935546875,8270.261826992035,0,1300.7767333984375,0,0,0,0,0,0,0,0,0,0,0,6905.647844314575,0,0,0,0,0,0,884.416015625,0,0,0,4536.829193115234,4164.487167358398,0,0,0,0,4360.091110229492,0,0,0,0,0,0,0,0,0,0,0,0,0,3087.4250254631042,0,740.8321228027344,0,0,0,3099.7686681747437,737.2093658447266,0,0,0,0,0,0,0,0,0,0,0,0,0,832.8132934570312,1090.6596984863281,0,0,0,0,0,0,0,0,0,0,0,0,0,5378.296934127808,0,7623.223770141602,0,0,0,0,0,1245.1222220659256,0,0,0,0,0,953.3800277709961,0,0,0,0,0,0,0,0,0,0,0,0,519.0853271484375,0,0,0,0,0,950.3996505737305,0,0,0,0,1031.787109375,0,0,0,0,0,0,0,0,0,3984.759708404541,0,0,0,0,0,0,0,0,0,0,2128.4617462158203,0,0,0,0,0,0,0,0,4596.1162109375,0,0,0,0,0,0,0,0,0,0,0,0,0,0,0,0,0,0,0,1077.4044189453125,0,0,2822.7784004211426,1528.8904943466187,0,0,1276.8250579833984,0,0,1178.7840795516968,0,0,0,0,0,0,0,0,0,0,0,0,4109.642608642578,0,0,0,0,0,0,0,0,2146.070869445801,0,0,2677.0953063964844,0,0,0,0,0,0,0,0,0,2463.2665100097656,0,0,0,0,0,0,0,0,0,0,0,0,0,0,0,0,0,3418.5476684570312,0,0,832.8132934570312,0,0,0,0,0,5084.734077453613,0,0,0,1349.9967651367188,0,0,0,0,0,0,3099.3890991210938,0,0,0,0,0,0,0,0,0,0,0,0,0,0,0,0,0,0,0,1165.7791748046875,0,0,0,0,5096.719799950719,3971.951690673828,0,0,0,617.3865966796875,0,0,0,0,0,0,0,0,0,0,0,0,0,0,0,0,0,0,0,0,0,0,0,0,817.6565856933594,0,0,1486.324938774109,897.3128814697266,0,0,0,0,0,0,0,0,0,0,1377.4387588500977,1423.1740074157715,0,2906.1155548095703,0,6539.601185560226,0,0,0,0,0,0,0,0,1044.1150665283203,3001.430778503418,0,0,0,0,0,0,1561.823600769043,0,0,0,0,0,0,0,0,0,0,0,0,1030.399169921875,0,0,0,0,0,0,0,0,0,2524.6345977783203,0,0,0,0,1181.6987075805664,0,0,4746.987251281738,0,0,0,0,0,0,0,0,0,0,0,0,0,0,0,0,0,0,0,0,0,0,4224.403458595276,0,0,2105.7688598632812,0,0,0,0,5932.691287994385,1273.3882596492767,0,0,0,0,0,0,0,0,0,0,0,3014.4237213134766,0,3924.9262199401855,0,0,0,0,0,0,0,3247.7104263305664,0,0,1688.412582397461,3440.905586242676,0,726.2730102539062,0,0,0,0,0,0,5600.85071182251,0,0,1181.7298202514648,0,0,0,0,0,0,0,0,0,0,0,0,0,0,0,0,0,0,0,0,2400.1392211914062,0,0,0,0,0,0,0,0,2051.9904251098633,0,0,0,0,1747.5035552978516,0,0,0,0,0,0,0,0,0,0,0,0,0,0,4516.468425750732,0,7079.350997924805,0,0,0,0,0,0,0,0,0,0,0,0,0,0,0,5633.292411804199,0,0,4968.763916015625,0,0,0,3610.1357421875,0,0,0,0,0,0,0,0,0,0,0,3832.982978820801,0,0,0,0,0,0,0,0,0,0,0,0,0,0,0,0,0,0,0,3314.348970413208,0,0,0,0,0,1954.0828785896301,0,946.5066452026367,2630.9627075195312,0,0,1107.739631652832,0,0,0,0,0,0,0,0,0,0,0,0,0,0,0,0,1728.7769622802734,0,0,0,0,0,0,0,0,0,0,0,0,0,832.93896484375,0,2091.6473693847656,0,0,0,0,0,0,0,0,0,0,0,0,0,0,0,0,0,0,0,0,0,0,0,0,0,1761.123550415039,0,0,0,0,0,0,0,980.3681030273438,0,0,0,0,2376.5226516723633,0,0,0,0,0,5053.51936340332,0,0,0,0,0,0,0,0,0,0,0,0,2496.737216949463,0,0,0,5128.089492797852,0,0,6052.088088989258,1219.7896175384521,0,0,0,0,1000.8610534667969,4066.481979370117,0,0,0,4218.561431884766,0,0,0,0,2760.544677734375,0,0,0,0,4160.411636352539,0,4914.698959350586,0,0,0,0,0,0,0,0,0,0,0,0,0,0,0,0,0,0,0,0,0,0,0,0,0,0,0,310.22991943359375,0,4550.492027282715,0,0,0,0,0,0
PM,0,2374.0,3338.0,9444.0,0,5009.0,10438.0,0,0,0,0,0,0,7883.0,474.0,0,9447.0,976.0,2406.0,0,0,2911.0,914.0,4102.0,9420.0,0,3555.0,1139.0,3984.0,0,3887.0,0,0,4383.0,5516.0,671.0,1556.0,13601.0,11951.0,8030.0,0,0,1331.0,0,3989.0,0,0,1099.0,7116.0,0,0,0,0,8102.0,0,0,0,1873.0,5001.0,0,0,0,0,0,2250.0,0,973.0,0,0,0,7803.0,1324.0,12975.0,8581.0,6539.0,0,0,2435.0,3207.0,314.0,0,0,0,0,4079.0,1798.0,13784.0,4954.0,3370.0,0,0,15969.0,3510.0,0,667.0,10673.0,2838.0,0,0,5894.0,0,8337.0,0,0,0,0,1131.0,0,7152.0,0,4430.0,0,0,6054.0,0,0,8147.0,0,0,3354.0,5647.0,0,0,946.0,0,0,4482.0,6070.0,0,0,0,1101.0,7720.0,0,0,2526.0,615.0,0,1941.0,0,0,0,0,0,0,4339.0,0,3469.0,0,3041.0,3977.0,629.0,0,1191.0,6639.0,0,1234.0,0,5402.0,0,5119.0,0,0,0,0,0,3174.0,0,5784.0,0,7992.0,0,0,0,4478.0,484.0,0,0,0,5557.0,8960.0,0,0,0,4980.0,10150.0,0,8027.0,5860.0,0,0,0,236.0,0,0,0,0,976.0,4574.0,3054.0,5267.0,9739.0,0,0,0,0,1338.0,0,0,6072.0,0,0,0,0,7947.0,0,8443.0,0,2314.0,0,2432.0,0,2894.0,0,0,0,4596.0,0,4240.0,0,6681.0,0,9567.0,0,0,0,7049.0,0,0,3197.0,0,0,0,0,0,0,0,0,0,0,0,3651.0,982.0,0,0,0,2569.0,0,1617.0,0,0,0,1394.0,3558.0,0,10116.0,2097.0,7041.0,0,0,8455.0,8260.0,6368.0,9050.0,8143.0,10560.0,0,0,0,0,3068.0,0,5945.0,0,0,5025.0,0,1164.0,0,5456.0,0,3544.0,0,0,0,3737.0,5827.0,0,0,0,22836.0,0,2540.0,0,8494.0,0,3539.0,6039.0,2024.0,0,8427.0,2231.0,0,0,0,0,11977.0,0,0,0,0,0,0,0,1917.0,7589.0,4661.0,0,0,0,0,0,1386.0,0,0,0,2176.0,0,0,0,4623.0,2946.0,0,2449.0,0,0,0,0,0,3144.0,0,3092.0,0,0,0,0,6230.0,9117.0,8786.0,5270.0,0,0,0,2439.0,0,0,0,0,0,0,2050.0,0,0,0,0,0,0,0,0,0,0,5829.0,1159.0,0,0,6861.0,4764.0,4100.0,2838.0,4271.0,1255.0,8692.0,5144.0,7327.0,4463.0,10834.0,0,0,7804.0,1471.0,7652.0,0,2899.0,0,0,0,0,1071.0,0,0,0,0,0,2024.0,6991.0,0,0,9129.0,3874.0,0,13806.0,0,2997.0,0,2168.0,0,727.0,0,0,2876.0,0,2684.0,2086.0,3045.0,0,0,0,7525.0,6360.0,4968.0,2351.0,0,2323.0,0,1095.0,0,0,0,0,0,0,0,2801.0,4520.0,1690.0,7004.0,0,0,3591.0,0,17125.0,6966.0,1397.0,0,0,0,9928.0,0,0,0,0,2871.0,0,2203.0,0,0,0,0,1393.0,7755.0,8486.0,0,0,0,0,0,0,0,5764.0,5852.0,10351.0,1190.0,0,0,0,0,0,4674.0,0,5027.0,0,0,0,0,12293.0,0,4192.0,4481.0,8345.0,0,0,2985.0,0,5014.0,0,4573.0,0,0,0,6077.0,935.0,0,9992.0,0,0,5225.0,0,8093.0,2220.0,0,0,6258.0,5130.0,0,0,0,0,0,3591.0,0,4913.0,0,0,0,4037.0,2231.0,0,0,0,0,0,8181.0,0,6769.0,0,1162.0,0,2390.0,4039.0,0,5923.0,0,0,0,0,0,0,0,3087.0,364.0,6341.0,4745.0,0,3159.0,961.0,0,0,0,0,972.0,0,6023.0,6265.0,0,0,0,0,0,2949.0,522.0,0,0,0,8107.0,1196.0,9805.0,0,0,396.0,0,0,6201.0,0,5270.0,8780.0,0,0,1978.0,1617.0,0,0,0,2470.0,8126.0,0,7194.0,2718.0,0,0,0,0,0,0,7226.0,2933.0,0,0,0,0,7587.0,0,6952.0,3629.0,0,4062.0,0,0,4357.0,0,1203.0,8269.0,0,0,4910.0,0,0,0,8944.0,3338.0,2459.0,0,4515.0,0,0,0,3032.0,0,0,9494.0,7484.0,5364.0,0,7168.0,0,0,1141.0,0,1055.0,10043.0,1107.0,0,11832.0,8271.0,4337.0,0,0,0,0,0,0,0,8196.0,537.0,0,3115.0,9950.0,5640.0,256.0,0,6195.0,0,0,5224.0,0,4977.0,0,4698.0,0,2816.0,1130.0,0,7409.0,8628.0,0,0,0,3197.0,7554.0,3764.0,0,10021.0,0,0,0,0,0,7631.0,0,8452.0,2202.0,0,7883.0,2968.0,0,651.5,1388.0,5943.0,0,2780.0,0,1190.0,9614.0,0,0,7853.0,2068.0,0,4393.0,0,6735.0,0,2269.0,0,5336.0,0,0,0,2838.0,0,7528.0,14715.0,3084.0,0,0,1921.0,0,0,0,2444.0,0,0,10692.0,0,4097.0,0,0,0,25360.0,0,0,14278.0,0,10463.0,0,3615.0,6688.0,0,0,0,0,0,0,0,4139.0,0,0,6904.0,326.0,0,0,0,0,0,1221.0,0,6410.0,1847.0,14005.0,0,8676.0,5743.0,8483.0,0,0,7154.0,0,0,0,0,0,0,751.0,7552.0,10636.0,471.0,0,0,3268.0,2304.0,0,0,0,3126.0,7235.0,0,16039.0,0,9410.0,0,9310.0,0,2259.0,5894.0,2165.0,0,2838.0,0,0,0,4483.0,6161.0,8357.0,5506.0,0,0,9539.0,4535.0,3743.0,0,1058.0,940.0,4546.0,7090.0,7772.0,10694.0,7953.0,0,8766.0,6306.0,5560.0,0,0,940.0,0,0,0,2690.0,5919.0,0,1051.0,0,0,0,0,10221.0,4771.0,1531.0,0,4379.0,0,0,1914.0,0,7659.0,4012.0,0,0,0,946.0,0,0,6102.0,0,0,13059.0,0,7404.0,0,0,0,248.0,1942.0,6192.0,0,0,0,0,3151.0,1486.0,11833.0,9793.0,8297.75,0,0,4915.0,6532.0,0,7596.0,0,0,0,3517.0,0,0,0,7682.0,0,0,7489.0,5600.0,10282.0,0,0,0,8223.0,0,638.0,1120.0,7483.0,7860.0,0,0,0,0,0,10688.0,0,3488.0,0,1415.0,0,0,0,0,0,6266.0,0,0,0,0,4647.0,169.0,0,3897.0,0,5476.0,0,1085.0,8034.0,1214.0,1996.0,1151.0,0,10742.0,0,0,7506.0,0,0,0,0,375.0,0,0,0,5031.0,7678.0,0,1415.0,4623.0,0,7341.0,0,13870.0,0,0,2096.0,6559.0,2532.0,882.0
MP,0,0,0,0,0,0,0,0,0,0,0,0,0,0,0,0,0,0,0,2142.3211669921875,0,0,0,0,2457.452323913574,0,0,0,0,0,0,0,0,0,0,0,0,0,0,0,0,0,0,4750.129913330078,0,0,0,0,1105.2013854980469,0,0,0,0,2847.8235721588135,0,0,0,0,0,0,807.6651649475098,0,573.75927734375,0,0,0,0,0,0,0,0,0,0,0,0,0,3003.774932861328,0,0,0,0,4893.51053237915,0,0,0,0,0,0,0,0,3246.9830112457275,0,0,1720.3187408447266,0,822.3248291015625,0,0,960.1305084228516,2540.5673828125,0,0,0,0,0,0,0,0,0,0,0,0,0,0,0,0,0,0,0,0,0,0,0,0,0,0,1203.5712890625,4123.306533813477,0,0,2394.891326904297,3286.803069114685,5703.403804779053,0,4518.286388397217,0,3604.3938369750977,0,363.64990234375,0,0,0,0,0,0,0,0,0,0,0,0,0,0,0,0,0,0,0,0,0,2854.2623304128647,0,0,0,0,0,0,302.0400390625,0,0,0,0,0,0,0,0,0,0,0,0,0,0,0,0,0,0,0,0,0,0,0,0,0,0,0,0,522.2681884765625,4518.731239318848,0,0,0,0,0,0,0,2979.6467933654785,1558.9620304107666,0,0,0,0,0,0,0,0,0,0,0,0,0,0,0,0,3180.6114044189453,0,2199.9459228515625,0,2563.0892724990845,0,0,0,0,0,0,0,0,0,0,0,0,0,0,0,0,0,0,1284.5946044921875,0,0,0,0,0,0,0,0,1383.8875427246094,4517.216836929321,0,0,0,0,0,0,0,4327.8380126953125,0,921.9522094726562,0,0,2369.7144927978516,0,3542.9319763183594,0,0,0,0,0,0,0,0,0,0,0,0,0,0,0,0,0,0,0,0,0,0,0,0,0,3104.4060554504395,0,0,0,0,0,0,0,0,0,0,0,0,727.4148559570312,0,0,0,0,411.62213134765625,0,1758.7541961669922,0,0,0,0,0,0,0,0,0,0,0,2313.540771484375,0,0,0,0,0,0,3051.733989715576,0,0,0,0,0,0,0,0,1390.6563758850098,0,0,0,2317.7132606506348,1074.7956085205078,306.083251953125,412.23834228515625,0,0,3261.9044494628906,0,2180.6972045898438,0,0,0,0,0,0,0,0,0,0,0,0,0,0,0,0,0,0,0,0,0,0,0,0,0,0,0,7272.666597723961,0,427.36895751953125,0,0,0,0,848.3646697998047,3439.7584476470947,0,0,0,0,0,0,0,0,0,0,0,0,0,0,0,0,0,0,0,0,0,2375.44539642334,0,0,0,1921.8899765014648,0,0,0,0,0,762.7662239074707,0,0,0,0,0,0,0,0,0,0,0,1863.6175994873047,0,3393.1251220703125,4388.126159667969,0,0,0,0,0,0,0,0,2077.1268920898438,0,0,0,0,0,1484.048843383789,0,0,0,481.5730895996094,1670.8037357330322,0,0,0,0,0,0,0,0,0,0,0,0,0,715.0479431152344,0,0,0,0,0,0,0,0,0,0,1668.5752716064453,0,0,0,0,0,1877.0138397216797,0,0,0,0,0,0,0,2674.6941528320312,3346.9090690612793,0,0,0,0,0,577.2071533203125,0,0,0,0,0,0,0,0,0,0,0,0,0,0,0,0,0,0,0,5289.496097564697,0,0,0,0,0,0,0,0,0,0,2080.6146278381348,0,0,0,0,0,0,0,0,0,0,0,0,0,1134.0206604003906,0,0,0,0,0,0,0,0,0,0,0,0,2538.3878479003906,5530.242750883102,0,504.5521240234375,0,0,0,1943.023422241211,0,0,0,0,0,367.78594970703125,0,4247.9225730896,0,0,0,0,881.8908882141113,0,0,0,0,0,0,1518.7967834472656,0,0,0,0,0,0,0,0,0,0,0,0,0,0,0,0,0,0,3369.493896484375,0,0,0,0,0,0,0,0,0,0,0,0,1112.654067993164,0,0,1809.8307800292969,0,0,0,3728.626266479492,0,0,0,0,0,0,0,0,0,0,0,0,0,0,0,0,0,0,3209.9543380737305,0,0,0,0,0,0,0,0,0,0,0,0,0,3414.767481803894,0,0,0,0,0,0,774.8223266601562,0,3130.2755126953125,0,2293.880458831787,1446.3148193359375,0,0,0,0,0,0,5701.006106376648,4534.9936599731445,0,0,0,0,0,0,0,0,0,0,2372.165740966797,0,2504.9447860717773,0,0,0,0,0,0,0,0,0,0,0,0,0,0,1066.03857421875,0,0,0,0,0,1135.502830505371,0,0,0,0,0,4318.642555236816,0,0,0,0,0,0,0,0,0,0,0,850.2103691101074,3809.4015350341797,0,0,0,0,0,0,0,1003.4481010437012,0,0,2032.961259841919,5809.243483066559,0,0,0,0,1744.7991027832031,0,0,0,0,0,0,0,0,0,0,0,0,0,0,0,0,0,0,3879.5307006835938,0,0,0,876.1605987548828,0,0,0,0,0,0,714.1258239746094,0,1994.8242950439453,0,0,0,0,0,0,0,0,0,0,0,3267.27880859375,0,0,0,0,0,0,855.2724609375,0,0,0,0,0,0,0,0,0,0,0,0,0,0,0,0,0,0,0,0,0,0,0,0,0,0,0,0,0,0,0,0,1117.402587890625,0,0,832.7542839050293,0,0,0,0,0,0,0,2919.5945835113525,0,0,0,0,0,0,0,2989.179281234741,0,0,0,0,7142.557971954346,2273.7143745422363,0,0,0,0,0,0,0,0,0,0,0,6882.36368560791,0,0,0,0,0,0,0,0,0,0,0,0,0,0,0,0,0,0,0,0,4371.790222167969,0,0,0,0,0,0,0,0,0,0,0,0,0,0,0,0,0,0,0,0,0,0,0,0,1105.23046875,0,0,0,0,0,0,0,0,0,0,5180.242349624634,0,0,0,0,0,0,0,0,0,1233.637092590332,0,0,0,0,0,0,0,0,0,0,0,0,0,0,0,0,0,0,0,0,0,0,0,0,0,542.37548828125,0,0,0,0,0,0,0,0,0,0,0,0,0,0,0,2876.7903385162354,0,0,1956.7164039611816,5403.170463562012,0,5050.27396774292,0,0,0,0,1975.2803955078125,0,0,0,0,0
