madrid,4,1,25,100,500,NULL,NULL,NULL,NULL,NULL,NULL,NULL,NULL,NULL,987.2463620857809,953.9758064516129,6.164,5122378.037037037,1292.2073678186032,0.0033604144039624797,1.4788979830578697,0.3625016975291795,1.2623272705728106,NULL,NULL,NULL,NULL,NULL,NULL,NULL,NULL,NULL,NULL,NULL,NULL,NULL,NULL,NULL,NULL,NULL,NULL,NULL,NULL,156.27893136075818,NULL
melbourne,4,1,25,100,500,NULL,NULL,NULL,NULL,NULL,NULL,NULL,NULL,NULL,263.3748608121715,260.85887096774195,4.704,1007117.5,353.3810397405426,0.005004929343060708,1.1788311227563621,0.36201321596626457,1.0885660485235182,NULL,NULL,NULL,NULL,NULL,NULL,NULL,NULL,NULL,NULL,NULL,NULL,NULL,NULL,NULL,NULL,NULL,NULL,NULL,NULL,86.59226501446946,NULL
london,4,1,25,100,500,NULL,NULL,NULL,NULL,NULL,NULL,NULL,NULL,NULL,812.1710492330952,860.6048387096774,5.344,3265608.25,990.7757243131834,0.0030313916910149246,1.1558611467987272,0.36703527574659567,1.0679391486961571,NULL,NULL,NULL,NULL,NULL,NULL,NULL,NULL,NULL,NULL,NULL,NULL,NULL,NULL,NULL,NULL,NULL,NULL,NULL,NULL,84.51151908310432,NULL
madrid,4,1,35,100,500,NULL,NULL,NULL,NULL,NULL,NULL,NULL,NULL,NULL,1604.1469097896284,1541.9395161290322,3.86,6289545.62037037,2180.288513163223,0.0019096057592990132,1.5326271049643414,0.3732215381558752,1.119654370897903,NULL,NULL,NULL,NULL,NULL,NULL,NULL,NULL,NULL,NULL,NULL,NULL,NULL,NULL,NULL,NULL,NULL,NULL,NULL,NULL,74.01728487004156,NULL
melbourne,4,1,35,100,500,NULL,NULL,NULL,NULL,NULL,NULL,NULL,NULL,NULL,445.4774906838605,446.7721774193549,4.508,1807392.3796296297,604.0641244476336,0.003327914346390183,1.1477600927712373,0.3647440822619677,1.077865894546202,NULL,NULL,NULL,NULL,NULL,NULL,NULL,NULL,NULL,NULL,NULL,NULL,NULL,NULL,NULL,NULL,NULL,NULL,NULL,NULL,87.53226493258333,NULL
london,4,1,35,100,500,NULL,NULL,NULL,NULL,NULL,NULL,NULL,NULL,NULL,873.1988315380996,894.2983870967741,4.324,2789436.0,1034.9933228162733,0.0032449297433517783,1.1157257938349858,0.3650488620837681,1.045137070730341,NULL,NULL,NULL,NULL,NULL,NULL,NULL,NULL,NULL,NULL,NULL,NULL,NULL,NULL,NULL,NULL,NULL,NULL,NULL,NULL,63.481073289086304,NULL
madrid,4,1,45,100,500,NULL,NULL,NULL,NULL,NULL,NULL,NULL,NULL,NULL,2195.901792683857,1805.5120967741937,4.85,9571746.414725926,3317.716748092891,0.0008041978843390589,1.2484021176798223,0.37030540479713514,1.0900614220562905,NULL,NULL,NULL,NULL,NULL,NULL,NULL,NULL,NULL,NULL,NULL,NULL,NULL,NULL,NULL,NULL,NULL,NULL,NULL,NULL,86.5331438284056,NULL
melbourne,4,1,45,100,500,NULL,NULL,NULL,NULL,NULL,NULL,NULL,NULL,NULL,570.7585656833451,555.25,4.9,2482762.25,771.7724490889378,0.003597272521446726,1.1465363075980775,0.35804636789556255,1.074713476972927,NULL,NULL,NULL,NULL,NULL,NULL,NULL,NULL,NULL,NULL,NULL,NULL,NULL,NULL,NULL,NULL,NULL,NULL,NULL,NULL,82.91355141789498,NULL
london,4,1,45,100,500,NULL,NULL,NULL,NULL,NULL,NULL,NULL,NULL,NULL,1019.4756565289155,1003.0806451612902,4.31,3071564.5,1218.8823036619092,0.0028274556099708035,1.0839095810504356,0.3627515600161275,1.0367970852029973,NULL,NULL,NULL,NULL,NULL,NULL,NULL,NULL,NULL,NULL,NULL,NULL,NULL,NULL,NULL,NULL,NULL,NULL,NULL,NULL,57.26152341903898,NULL
madrid,4,1,55,100,500,NULL,NULL,NULL,NULL,NULL,NULL,NULL,NULL,NULL,3391.5719257230962,2875.8508064516127,5.302,17555014.899048354,5144.000656394817,0.0011294560626795873,1.3216239668924377,0.36924262243312084,1.1418565669399123,NULL,NULL,NULL,NULL,NULL,NULL,NULL,NULL,NULL,NULL,NULL,NULL,NULL,NULL,NULL,NULL,NULL,NULL,NULL,NULL,119.55532997364278,NULL
melbourne,4,1,55,100,500,NULL,NULL,NULL,NULL,NULL,NULL,NULL,NULL,NULL,645.808016949993,628.6592741935483,4.828,2560011.5,845.7448286772525,0.0030973628821957186,1.1154094105437344,0.36141422510472104,1.0532885520003454,NULL,NULL,NULL,NULL,NULL,NULL,NULL,NULL,NULparsing_for_temporal_criticality: london 4 1 55 5206 0
london,4,1,55,100,500,NULL,NULL,NULL,NULL,NULL,NULL,NULL,NULL,NULL,1086.9994246665333,1049.2016129032259,4.55,3377192.0,1267.0821123497842,0.004045915258913451,1.0594860951054297,0.369645570162819,1.0136951674538708,NULL,NULL,NULL,NULL,NULL,NULL,NULL,NULL,NULL,NULL,NULL,NULL,NULL,NULL,NULL,NULL,NULL,NULL,NULL,Nparsing_for_temporal_criticality: madrid 4 1 65 5998 9228.0
madrid,4,1,65,100,500,NULL,NULL,NULL,NULL,NULL,NULL,NULL,NULL,NULL,4804.096061101134,2460.578629032258,4.96,25320628.89814815,8060.353652707757,0.0009374176145130191,1.182129857533441,0.37766269505531225,1.0620094154235051,NULL,NULL,NULL,NULL,NULL,NULL,NULL,NULL,NULL,NULL,NULL,NULL,NULL,NULL,NULL,NULL,NULL,Nparsing_for_temporal_criticality: melbourne 4 1 65 4610 23373.0
melbourne,4,1,65,100,500,NULL,NULL,NULL,NULL,NULL,NULL,NULL,NULL,NULL,708.620086262161,689.2739631336406,4.662,2695150.4074074076,922.1650600663179,0.0029729922386343578,1.1108428880962697,0.36158314986742196,1.0486633035796393,NULL,NULL,NULL,NULL,NULL,NULL,NULL,NULL,NULL,NULL,NULL,NULL,NULL,NULL,NULL,NULL,parsing_for_temporal_criticality: london 4 1 65 5530 0
london,4,1,65,100,500,NULL,NULL,NULL,NULL,NULL,NULL,NULL,NULL,NULL,1272.0314114781652,1186.5218040621266,3.73,3895490.0,1620.406903142292,0.0031960717191262564,1.045511071638382,0.37402443410650743,1.0023666810001366,NULL,NULL,NULL,NULL,NULL,NULL,NULL,NULL,NULL,NULL,NULL,NULL,NULL,NULL,NULL,NULL,NULL,NULL,NULL,NULL,49.21994960036463,NULL
madrid,4,1,75,100,500,NULL,NULL,NULL,NULL,NULL,NULL,NULL,NULL,NULL,5460.398562584622,3171.8306451612902,3.364,23734989.0,10140.004521373305,0.0005838442483835848,1.2935627777677057,0.37739544929298474,1.0754132961673208,NULL,NULL,NULL,NULL,NULL,NULL,NULL,NULL,NULL,NULL,NULL,NULL,NULL,NULL,NULL,NULL,NULL,NULL,NULL,NULL,74.98557874059793,NULL
melbourne,4,1,75,100,500,NULL,NULL,NULL,NULL,NULL,NULL,NULL,NULL,NULL,772.3196507049544,747.2983870967741,4.864,2783406.75,934.8787940888128,0.0037896886100603254,1.0627479919937683,0.3650385968171901,1.0227452921354123,NULL,NULL,NULL,NULL,NULL,NULL,NULL,NULL,NULL,NULL,NULL,NULL,NULL,NULL,NULL,NULL,NULL,NULL,NULL,NULL,62.24098193933355,NULL
london,4,1,75,100,500,NULL,NULL,NULL,NULL,NULL,NULL,NULL,NULL,NULL,1254.3954155254205,1178.9032258064517,4.14,4090923.25,1508.910313225943,0.0023065358848704492,1.0587083963357204,0.36794868453354046,1.0181664114256257,NULL,NULL,NULL,NULL,NULL,NULL,NULL,NULL,NULL,NULL,NULL,NULL,NULL,NULL,NULL,NULL,NULL,NULL,NULL,NULL,52.370552524699775,NULL
madrid,4,1,85,100,500,NULL,NULL,NULL,NULL,NULL,NULL,NULL,NULL,NULL,6273.871289701274,3641.9939516129034,4.868,40214678.46296296,11259.487978379964,0.0008517417813697374,1.3298410181964986,0.3653588040499057,1.1174041429526669,NULL,NULL,NULL,NULL,NULL,NULL,NULL,NULL,NULL,NULL,NULL,NULL,NULL,NULL,NULL,NULL,NULL,NULL,NULL,NULL,109.64628568391066,NULL
melbourne,4,1,85,100,500,NULL,NULL,NULL,NULL,NULL,NULL,NULL,NULL,NULL,873.2430568683217,830.3790322580645,4.926,3111475.0,1031.4492771315388,0.005605734569861034,1.0389450829464044,0.3672520147582296,1.0128870883976728,NULL,NULL,NULL,NULL,NULL,NULL,NULL,NULL,NULL,NULL,NULL,NULL,NULL,NULL,NULL,NULL,NULL,NULL,NULL,NULL,60.39432123684264,NULL
london,4,1,85,100,500,NULL,NULL,NULL,NULL,NULL,NULL,NULL,NULL,NULL,1402.1059175636149,1267.233870967742,4.18,4728906.5,1731.2693859408398,0.002002209157872593,1.0739004186709613,0.3681458813637062,1.025744591618195,NULL,NULL,NULL,NULL,NULL,NULL,NULL,NULL,NULL,NULL,NULL,NULL,NULL,NULL,NULL,NULL,NULL,NULL,NULL,NULL,55.060763569115736,NULL
madrid,4,1,95,100,500,NULL,NULL,NULL,NULL,NULL,NULL,NULL,NULL,NULL,10262.442618579302,5932.443548387097,3.896,58770962.05555555,19556.334389674746,0.000123317317365755,1.8351627702198348,0.37597899825505493,1.269725765673247,NULL,NULL,NULL,NULL,NULL,NULL,NULL,NULL,NULL,NULL,NULL,NULL,NULL,NULL,NULL,NULL,NULL,NULL,NULL,NULL,161.92082501135832,NULL
melbourne,4,1,95,100,500,NULL,NULL,NULL,NULL,NULL,NULL,NULL,NULL,NULL,840.1759019573977,808.9193548387096,4.88,3028181.25,1017.7028792425532,0.003350271428534704,1.0496256588687214,0.36856621282255814,1.015522614540708,NULL,NULL,NULL,NULL,NULL,NULL,NULL,NULL,NULL,NULL,NULL,NULL,NULL,NULL,NULL,NULL,NULL,NULL,NULL,NULL,64.22667970799824,NULL
london,4,1,95,100,500,NULL,NULL,NULL,NULL,NULL,NULL,NULL,NULL,NULL,1326.1177449625707,1249.5625,4.11,4208712.75,1574.885804358856,0.0037443855129481525,1.0511174179698415,0.3713634274322824,1.00814762740316,NULL,NULL,NULL,NULL,NULL,NULL,NULL,NULL,NULL,NULL,NULL,NULL,NULL,NULL,NULL,NULL,NULL,NULL,NULL,NULL,52.301765210999605,NULL
madrid,4,1,105,100,500,NULL,NULL,NULL,NULL,NULL,NULL,NULL,NULL,NULL,8358.250097965458,4549.024193548386,3.846,48191815.925925925,17282.636254839046,0.000474497656228582,1.846720930544804,0.38535431720903013,1.215336532075487,NULL,NULL,NULL,NULL,NULL,NULL,NULL,NULL,NULL,NULL,NULL,NULL,NULL,NULL,NULL,NULL,NULL,NULL,NULL,NULL,146.68059203677677,NULL
melbourne,4,1,105,100,500,NULL,NULL,NULL,NULL,NULL,NULL,NULL,NULL,NULL,896.532671456075,840.5403225806451,4.806,3156984.5555555555,1069.1255571160457,0.004748266006546263,1.0338116949749014,0.36845256253839853,1.0093994167333895,NULL,NULL,NULL,NULL,NULL,NULL,NULL,NULL,NULL,NULL,NULL,NULL,NULL,NULL,NULL,NULL,NULL,NULL,NULL,NULL,59.17379577603565,NULL
london,4,1,105,100,500,NULL,NULL,NULL,NULL,NULL,NULL,NULL,NULL,NULL,1389.2830207665795,1337.5221774193549,4.972,5240855.5,1689.0238850820535,0.002697186456593782,1.0691422554975183,0.3626203765409306,1.0298053383101737,NULL,NULL,NULL,NULL,NULL,NULL,NULL,NULL,NULL,NULL,NULL,NULL,NULL,NULL,NULL,NULL,NULL,NULL,NULL,NULL,65.41554766736826,NULL
madrid,1,1,55,100,500,NULL,NULL,NULL,NULL,NULL,NULL,NULL,NULL,NULL,2272.2729768492673,1842.3608870967741,2.944,8171827.517082475,3831.1016760000616,0.00187017985912638,1.257872496721025,0.37193083565249374,1.0506468369517623,NULL,NULL,NULL,NULL,NULL,NULL,NULL,NULL,NULL,NULL,NULL,NULL,NULL,NULL,NULL,NULL,NULL,NULL,NULL,NULL,60.93837076941694,NULL
madrid,2,1,55,100,500,NULL,NULL,NULL,NULL,NULL,NULL,NULL,NULL,NULL,2569.85030489131,2187.7883064516127,3.606,10724493.199309843,3938.660633057097,0.0007494447137501026,1.1967197949816364,0.3725795850645552,1.0467653015981875,NULL,NULL,NULL,NULL,NULL,NULL,NULL,NULL,NULL,NULL,NULL,NULL,NULL,NULL,NULL,NULL,NULL,NULL,NULL,NULL,65.4459852236071,NULL
madrid,3,1,55,100,500,NULL,NULL,NULL,NULL,NULL,NULL,NULL,NULL,NULL,2735.891479155766,2255.2782258064517,4.0,9646715.533757716,4082.861601162768,0.0009002151676252444,1.2700672171371146,0.3697913567366697,1.0810288305565077,NULL,NULL,NULL,NULL,NULL,NULL,NULL,NULL,NULL,NULL,NULL,NULL,NULL,NULL,NULL,NULL,NULL,NULL,NULL,NULL,80.02831728135995,NULL
madrid,4,1,55,100,500,NULL,NULL,NULL,NULL,NULL,NULL,NULL,NULL,NULL,3211.4801042280055,2760.983870967742,4.71,12818000.75,4849.996859093422,0.0007731100534627577,1.281716809736462,0.37005692167648835,1.111864708119666,NULL,NULL,NULL,NULL,NULL,NULL,NULL,NULL,NULL,NULL,NULL,NULL,NULL,NULL,NULL,NULL,NULL,NULL,NULL,NULL,90.47132929941819,NULL
madrid,5,1,55,100,500,NULL,NULL,NULL,NULL,NULL,NULL,NULL,NULL,NULL,3565.738655791155,2969.8870967741937,7.356,23586855.0,4857.536111612499,0.001925478252911234,1.447300756641277,0.3669060660907543,1.2151467240965348,NULL,NULL,NULL,NULL,NULL,NULL,NULL,NULL,NULL,NULL,NULL,NULL,NULL,NULL,NULL,NULL,NULL,NULL,NULL,NULL,169.67362918074392,NULL
madrid,6,1,55,100,500,NULL,NULL,NULL,NULL,NULL,NULL,NULL,NULL,NULL,3558.6136533744643,3019.0040322580644,7.064,20759073.425925925,4960.452224518465,0.0011894319445983918,1.3960781908320123,0.3674305176019307,1.1757398570154096,NULL,NULL,NULL,NULL,NULL,NULL,NULL,NULL,NULL,NULL,NULL,NULL,NULL,NULL,NULL,NULL,NULL,NULL,NULL,NULL,152.1260060151833,NULL
madrid,7,1,55,100,500,NULL,NULL,NULL,NULL,NULL,NULL,NULL,NULL,NULL,3992.2774868454912,3285.491935483871,8.31,28443834.25,5467.198151890757,0.0012030818734704715,1.4309001199218145,0.3636264177671327,1.2080180553550413,NULL,NULL,NULL,NULL,NULL,NULL,NULL,NULL,NULL,NULL,NULL,NULL,NULL,NULL,NULL,NULL,NULL,NULL,NULL,NULL,186.08130976866767,NULL
madrid,8,1,55,100,500,NULL,NULL,NULL,NULL,NULL,NULL,NULL,NULL,NULL,4128.3387107894,3329.5362903225805,8.916,29120914.25,5557.475274004264,0.0003499593484975777,1.6082097642499429,0.36009901009558587,1.3553120845716335,NULL,NULL,NULL,NULL,NULL,NULL,NULL,NULL,NULL,NULL,NULL,NULL,NULL,NULL,NULL,NULL,NULL,NULL,NULL,NULL,256.5747820374753,NULL
melbourne,1,1,55,100,500,NULL,NULL,NULL,NULL,NULL,NULL,NULL,NULL,NULL,483.3645990799682,458.9689366786141,2.698,1301925.5,681.8194162072083,0.0029345229366384666,1.1297903876940771,0.3623427132535541,1.0395881134262235,NULL,NULL,NULL,NULL,NULL,NULL,NULL,NULL,NULL,NULL,NULL,NULL,NULL,NULL,NULL,NULL,NULL,NULL,NULL,NULL,44.89514792664734,NULL
melbourne,2,1,55,100,500,NULL,NULL,NULL,NULL,NULL,NULL,NULL,NULL,NULL,538.1458841318754,533.399926686217,3.386,1657043.25,758.5441425346207,0.0035798989594642513,1.071391479931988,0.3737160079683583,1.0119489186300072,NULL,NULL,NULL,NULL,NULL,NULL,NULL,NULL,NULL,NULL,NULL,NULL,NULL,NULL,NULL,NULL,NULL,NULL,NULL,NULL,54.57180119479311,NULL
melbourne,3,1,55,100,500,NULL,NULL,NULL,NULL,NULL,NULL,NULL,NULL,NULL,600.8648506331348,574.188222763238,4.124,2169134.25,804.9715304223284,0.003258129519727544,1.104048628466708,0.36313618804592557,1.042138917140997,NULL,NULL,NULL,NULL,NULL,NULL,NULL,NULL,NULL,NULL,NULL,NULL,NULL,NULL,NULL,NULL,NULL,NULL,NULL,NULL,61.845996896421816,NULL
melbourne,4,1,55,100,500,NULL,NULL,NULL,NULL,NULL,NULL,NULL,NULL,NULL,637.2005092458206,634.1229838709678,4.398,2395991.75,824.4807550736147,0.0031496783461909565,1.1207990442682267,0.36009353913667325,1.0559803863051693,NULL,NULL,NULL,NULL,NULL,NULL,NULL,NULL,NULL,NULL,NULL,NULL,NULL,NULL,NULL,NULL,NULL,NULL,NULL,NULL,69.63783574362765,NULL
melbourne,5,1,55,100,500,NULL,NULL,NULL,NULL,NULL,NULL,NULL,NULL,NULL,693.6968527973662,684.2318548387098,5.41,2934498.5,871.7489250302269,0.003332156379582291,1.1162786462043983,0.3623104368860504,1.0541560646437398,NULL,NULL,NULL,NULL,NULL,NULL,NULL,NULL,NULL,NULL,NULL,NULL,NULL,NULL,NULL,NULL,NULL,NULL,NULL,NULL,80.69278069305946,NULL
melbourne,6,1,55,100,500,NULL,NULL,NULL,NULL,NULL,NULL,NULL,NULL,NULL,724.5033095615152,716.5302419354839,6.35,3501677.75,892.2154159687718,0.002889044983887432,1.107879301802307,0.36552610363047405,1.0501065716496456,NULL,NULL,NULL,NULL,NULL,NULL,NULL,NULL,NULL,NULL,NULL,NULL,NULL,NULL,NULL,NULL,NULL,NULL,NULL,NULL,93.07434914867221,NULL
melbourne,7,1,55,100,500,NULL,NULL,NULL,NULL,NULL,NULL,NULL,NULL,NULL,768.3273213644591,756.1028606208156,7.638,4282803.5,925.3658235386985,0.0030509978438383674,1.150179943700224,0.355574677012931,1.0878806134757149,NULL,NULL,NULL,NULL,NULL,NULL,NULL,NULL,NULL,NULL,NULL,NULL,NULL,NULL,NULL,NULL,NULL,NULL,NULL,NULL,114.25738947624936,NULL
melbourne,8,1,55,100,500,NULL,NULL,NULL,NULL,NULL,NULL,NULL,NULL,NULL,798.7352545696949,786.016129032258,7.826,4527376.75,943.0345310899224,0.0031393339337339736,1.1530951491250616,0.3618270032840228,1.085329132682222,NULL,NULL,NULL,NULL,NULL,NULL,NULL,NULL,NULL,NULL,NULL,NULL,NULL,NULL,NULL,NULL,NULL,NULL,NULL,NULL,120.96268939368949,NULL
london,1,1,55,100,500,NULL,NULL,NULL,NULL,NULL,NULL,NULL,NULL,NULL,857.7440843875675,843.473973607038,2.896,2126880.75,1082.7046890814072,0.0034801037743721255,1.1005453262923126,0.36765569662277353,1.0218162743297883,NULL,NULL,NULL,NULL,NULL,NULL,NULL,NULL,NULL,NULL,NULL,NULL,NULL,NULL,NULL,NULL,NULL,NULL,NULL,NULL,40.07691115851087,NULL
london,2,1,55,100,500,NULL,NULL,NULL,NULL,NULL,NULL,NULL,NULL,NULL,972.208644504648,947.3729838709678,4.062,3124356.0,1201.0462400218025,0.0031508317680943544,1.066763059650858,0.36966597783008,1.013123526042875,NULL,NULL,NULL,NULL,NULL,NULL,NULL,NULL,NULL,NULL,NULL,NULL,NULL,NULL,NULL,NULL,NULL,NULL,NULL,NULL,50.590345827025196,NULL
london,3,1,55,100,500,NULL,NULL,NULL,NULL,NULL,NULL,NULL,NULL,NULL,1026.3242112897224,993.9274193548388,3.436,2658877.0,1240.6896354538742,0.002500293532179399,1.045648098946943,0.3738213323001988,0.9998446385491191,NULL,NULL,NULL,NULL,NULL,NULL,NULL,NULL,NULL,NULL,NULL,NULL,NULL,NULL,NULL,NULL,NULL,NULL,NULL,NULL,42.76525379208602,NULL
london,4,1,55,100,500,NULL,NULL,NULL,NULL,NULL,NULL,NULL,NULL,NULL,1112.8062225021213,1045.6048387096776,4.478,4151247.0,1339.7100377394831,0.002828405629464483,1.0606555375220297,0.3702869510683374,1.0146170955526577,NULL,NULL,NULL,NULL,NULL,NULL,NULL,NULL,NULL,NULL,NULL,NULL,NULL,NULL,NULL,NULL,NULL,NULL,NULL,NULL,57.22607451364154,NULL
london,5,1,55,100,500,NULL,NULL,NULL,NULL,NULL,NULL,NULL,NULL,NULL,1154.7657778499165,1095.3548387096776,5.09,4144981.0,1289.0731500192744,0.004595973553089496,1.0670491651854612,0.3682719763990132,1.0207181616693268,NULL,NULL,NULL,NULL,NULL,NULL,NULL,NULL,NULL,NULL,NULL,NULL,NULL,NULL,NULL,NULL,NULL,NULL,NULL,NULL,67.18492829230874,NULL
london,6,1,55,100,500,NULL,NULL,NULL,NULL,NULL,NULL,NULL,NULL,NULL,1165.1014795201277,1121.6854838709678,5.452,4377811.0,1328.0530299259833,0.002322143407080746,1.0449460158447688,0.37377670810524477,1.005381529639008,NULL,NULL,NULL,NULL,NULL,NULL,NULL,NULL,NULL,NULL,NULL,NULL,NULL,NULL,NULL,NULL,NULL,NULL,NULL,NULL,65.59025496652075,NULL
london,7,1,55,100,500,NULL,NULL,NULL,NULL,NULL,NULL,NULL,NULL,NULL,1233.9155614183671,1164.3951612903224,6.136,5266613.0,1340.0604593040696,0.0066301286411635475,1.0580178531439102,0.37257570273426904,1.0194905170111137,NULL,NULL,NULL,NULL,NULL,NULL,NULL,NULL,NULL,NULL,NULL,NULL,NULL,NULL,NULL,NULL,NULL,NULL,NULL,NULL,78.9083441254606,NULL
london,8,1,55,100,500,NULL,NULL,NULL,NULL,NULL,NULL,NULL,NULL,NULL,1263.4168764672638,1183.9637096774195,5.772,5078622.0,1353.2940064312434,0.0027431504429305574,1.0469592686025513,0.3742153110575602,1.004614121823611,NULL,NULL,NULL,NULL,NULL,NULL,NULL,NULL,NULL,NULL,NULL,NULL,NULL,NULL,NULL,NULL,NULL,NULL,NULL,NULL,71.91199802904259,NULL
madrid,4,1,55,100,500,NULL,NULL,NULL,NULL,NULL,NULL,NULL,NULL,NULL,2924.495054726165,2660.290322580645,4.594,12709035.666666666,4167.513609677451,0.0008331624012145433,1.2761046332191204,0.3750497717848423,1.0978228699140886,NULL,NULL,NULL,NULL,NULL,NULL,NULL,NULL,NULL,NULL,NULL,NULL,NULL,NULL,NULL,NULL,NULL,NULL,NULL,NULL,101.79533465547729,NULL
madrid,4,2,55,100,500,NULL,NULL,NULL,NULL,NULL,NULL,NULL,NULL,NULL,3159.633258854597,2705.046718743086,6.804,19555708.833333336,4525.077866148069,0.000449706035387361,1.3586146740151341,0.37175583030948084,1.1547945613987494,NULL,NULL,NULL,NULL,NULL,NULL,NULL,NULL,NULL,NULL,NULL,NULL,NULL,NULL,NULL,NULL,NULL,NULL,NULL,NULL,149.04418850278222,NULL
madrid,4,3,55,100,500,NULL,NULL,NULL,NULL,NULL,NULL,NULL,NULL,NULL,3265.415800478776,2652.6774193548385,6.64,19721414.611111112,4665.437157602995,0.0005892778808033621,1.352956871646581,0.3767421912974741,1.1593423454493632,NULL,NULL,NULL,NULL,NULL,NULL,NULL,NULL,NULL,NULL,NULL,NULL,NULL,NULL,NULL,NULL,NULL,NULL,NULL,NULL,156.10939531365364,NULL
madrid,4,4,55,100,500,NULL,NULL,NULL,NULL,NULL,NULL,NULL,NULL,NULL,3152.0207531446445,2665.4112903225805,7.774,22099410.75,4543.3330320556,0.000550358878771863,1.4302987012503714,0.3757014946012763,1.19995189443568,NULL,NULL,NULL,NULL,NULL,NULL,NULL,NULL,NULL,NULL,NULL,NULL,NULL,NULL,NULL,NULL,NULL,NULL,NULL,NULL,184.22260463431525,NULL
madrid,4,5,55,100,500,NULL,NULL,NULL,NULL,NULL,NULL,NULL,NULL,NULL,3360.4104712666576,2823.758064516129,7.924,23827115.00925926,4788.603257331697,0.0004231310201358355,1.619119089273971,0.37158517457632456,1.3088950671991628,NULL,NULL,NULL,NULL,NULL,NULL,NULL,NULL,NULL,NULL,NULL,NULL,NULL,NULL,NULL,NULL,NULL,NULL,NULL,NULL,231.7894527203426,NULL
madrid,4,6,55,100,500,NULL,NULL,NULL,NULL,NULL,NULL,NULL,NULL,NULL,3356.9429643758517,2704.8225806451615,8.616,26606144.85185185,4836.783903133849,0.000504135486919775,1.6359163009998523,0.37045530552155403,1.3345071695486936,NULL,NULL,NULL,NULL,NULL,NULL,NULL,NULL,NULL,NULL,NULL,NULL,NULL,NULL,NULL,NULL,NULL,NULL,NULL,NULL,260.9328757295697,NULL
madrid,4,7,55,100,500,NULL,NULL,NULL,NULL,NULL,NULL,NULL,NULL,NULL,3208.5614322099723,2726.2016129032254,9.938,29531040.361111112,4438.512418014435,0.0005326030019672712,1.8887614405900077,0.3662899646051477,1.475463171212819,NULL,NULL,NULL,NULL,NULL,NULL,NULL,NULL,NULL,NULL,NULL,NULL,NULL,NULL,NULL,NULL,NULL,NULL,NULL,NULL,343.7143610245895,NULL
madrid,4,8,55,100,500,NULL,NULL,NULL,NULL,NULL,NULL,NULL,NULL,NULL,3396.987888706153,2900.9112903225805,9.69,26785375.75450103,4646.541314648527,0.0009231281618613038,1.7366009643012128,0.3660256712708486,1.3636381406679972,NULL,NULL,NULL,NULL,NULL,NULL,NULL,NULL,NULL,NULL,NULL,NULL,NULL,NULL,NULL,NULL,NULL,NULL,NULL,NULL,285.4187278987478,NULL
melbourne,4,1,55,100,500,NULL,NULL,NULL,NULL,NULL,NULL,NULL,NULL,NULL,655.3636907333687,630.749633431085,4.91,2644571.25,858.576949270749,0.003388154137442988,1.101685195171975,0.364022829340063,1.0433884413552257,NULL,NULL,NULL,NULL,NULL,NULL,NULL,NULL,NULL,NULL,NULL,NULL,NULL,NULL,NULL,NULL,NULL,NULL,NULL,NULL,74.81104909198197,NULL
melbourne,4,2,55,100,500,NULL,NULL,NULL,NULL,NULL,NULL,NULL,NULL,NULL,637.4337055066213,615.1451612903226,4.908,2693126.75,825.3325639254234,0.0029353342750329347,1.1064444298730114,0.36786146962245153,1.0379155634009893,NULL,NULL,NULL,NULL,NULL,NULL,NULL,NULL,NULL,NULL,NULL,NULL,NULL,NULL,NULL,NULL,NULL,NULL,NULL,NULL,75.99769763370271,NULL
melbourne,4,3,55,100,500,NULL,NULL,NULL,NULL,NULL,NULL,NULL,NULL,NULL,642.8991635339048,626.7983870967741,5.466,2919129.5,827.728018309957,0.002886464104471579,1.1169011844987944,0.3683759968655081,1.0495852852224428,NULL,NULL,NULL,NULL,NULL,NULL,NULL,NULL,NULL,NULL,NULL,NULL,NULL,NULL,NULL,NULL,NULL,NULL,NULL,NULL,87.20466080489891,NULL
melbourne,4,4,55,100,500,NULL,NULL,NULL,NULL,NULL,NULL,NULL,NULL,NULL,660.654530701399,651.4637096774193,7.666,4048994.75,837.5099147477597,0.0023060821400310207,1.210180521332935,0.34833603961403037,1.122752924745092,NULL,NULL,NULL,NULL,NULL,NULL,NULL,NULL,NULL,NULL,NULL,NULL,NULL,NULL,NULL,NULL,NULL,NULL,NULL,NULL,128.05127339799117,NULL
melbourne,4,5,55,100,500,NULL,NULL,NULL,NULL,NULL,NULL,NULL,NULL,NULL,661.9200868765781,649.2923387096774,7.118,3853535.75,828.7385474177491,0.002755450082391528,1.1551360553815984,0.3640579427980737,1.0764759529515264,NULL,NULL,NULL,NULL,NULL,NULL,NULL,NULL,NULL,NULL,NULL,NULL,NULL,NULL,NULL,NULL,NULL,NULL,NULL,NULL,115.06665633536929,NULL
melbourne,4,6,55,100,500,NULL,NULL,NULL,NULL,NULL,NULL,NULL,NULL,NULL,674.282407423137,661.1048387096774,7.448,3989618.25,837.3260472033271,0.002860886515453869,1.1776805524099112,0.36054615251793154,1.0917896484785317,NULL,NULL,NULL,NULL,NULL,NULL,NULL,NULL,NULL,NULL,NULL,NULL,NULL,NULL,NULL,NULL,NULL,NULL,NULL,NULL,122.30560146326113,NULL
melbourne,4,7,55,100,500,NULL,NULL,NULL,NULL,NULL,NULL,NULL,NULL,NULL,662.9916530036317,651.7177419354839,8.662,4491209.25,827.986448073069,0.0025983032820815124,1.2111765361127071,0.359545413910212,1.1136699174515845,NULL,NULL,NULL,NULL,NULL,NULL,NULL,NULL,NULL,NULL,NULL,NULL,NULL,NULL,NULL,NULL,NULL,NULL,NULL,NULL,149.18266363548202,NULL
melbourne,4,8,55,100,500,NULL,NULL,NULL,NULL,NULL,NULL,NULL,NULL,NULL,687.2116924670072,668.5806451612902,8.534,4798139.25,842.3090099833514,0.0026456541958038045,1.2237016743679379,0.35493404359081887,1.124156404360554,NULL,NULL,NULL,NULL,NULL,NULL,NULL,NULL,NULL,NULL,NULL,NULL,NULL,NULL,NULL,NULL,NULL,NULL,NULL,NULL,148.47407713702466,NULL
london,4,1,55,100,500,NULL,NULL,NULL,NULL,NULL,NULL,NULL,NULL,NULL,1108.3159695149548,1065.967741935484,4.886,3963766.0,1317.2443490132275,0.002882497205115685,1.0709636801331477,0.36801493101029986,1.021136771934241,NULL,NULL,NULL,NULL,NULL,NULL,NULL,NULL,NULL,NULL,NULL,NULL,NULL,NULL,NULL,NULL,NULL,NULL,NULL,NULL,61.453750413389415,NULL
london,4,2,55,100,500,NULL,NULL,NULL,NULL,NULL,NULL,NULL,NULL,NULL,1118.9506881169546,1065.0806451612902,6.382,5316699.0,1296.7219797389703,0.0033001524256775,1.094289376375239,0.3652965995085292,1.0431832301951385,NULL,NULL,NULL,NULL,NULL,NULL,NULL,NULL,NULL,NULL,NULL,NULL,NULL,NULL,NULL,NULL,NULL,NULL,NULL,NULL,86.19228957116272,NULL
london,4,3,55,100,500,NULL,NULL,NULL,NULL,NULL,NULL,NULL,NULL,NULL,1112.5702938072732,1066.1774193548385,5.88,4696619.0,1290.1128372707753,0.0023275828591209197,1.1012575538628182,0.36304636600582774,1.0402267251563213,NULL,NULL,NULL,NULL,NULL,NULL,NULL,NULL,NULL,NULL,NULL,NULL,NULL,NULL,NULL,NULL,NULL,NULL,NULL,NULL,76.67540378669557,NULL
london,4,4,55,100,500,NULL,NULL,NULL,NULL,NULL,NULL,NULL,NULL,NULL,1090.2481817934015,1050.717741935484,6.026,4696751.0,1266.7593879466233,0.002383822000347317,1.0923954006897936,0.3673721053254945,1.0318623015526573,NULL,NULL,NULL,NULL,NULL,NULL,NULL,NULL,NULL,NULL,NULL,NULL,NULL,NULL,NULL,NULL,NULL,NULL,NULL,NULL,80.36657704875934,NULL
london,4,5,55,100,500,NULL,NULL,NULL,NULL,NULL,NULL,NULL,NULL,NULL,1118.1437994862831,1053.9032258064517,5.648,4750734.0,1269.2028277618176,0.00309178863171042,1.1086748602482417,0.3692563073608203,1.0367814917882803,NULL,NULL,NULL,NULL,NULL,NULL,NULL,NULL,NULL,NULL,NULL,NULL,NULL,NULL,NULL,NULL,NULL,NULL,NULL,NULL,81.0649523550897,NULL
london,4,6,55,100,500,NULL,NULL,NULL,NULL,NULL,NULL,NULL,NULL,NULL,1113.3552933277062,1065.3695489844683,6.744,5322355.0,1271.4656128433,0.0022538894722504803,1.1108574967960374,0.3693957395846008,1.037443301004992,NULL,NULL,NULL,NULL,NULL,NULL,NULL,NULL,NULL,NULL,NULL,NULL,NULL,NULL,NULL,NULL,NULL,NULL,NULL,NULL,94.28760242277352,NULL
london,4,7,55,100,500,NULL,NULL,NULL,NULL,NULL,NULL,NULL,NULL,NULL,1128.5971534733726,1065.703629032258,7.316,5962013.0,1248.6239233471542,0.0034088298254207165,1.1160798291582255,0.3644705067308655,1.0499216922452557,NULL,NULL,NULL,NULL,NULL,NULL,NULL,NULL,NULL,NULL,NULL,NULL,NULL,NULL,NULL,NULL,NULL,NULL,NULL,NULL,104.17708991281056,NULL
london,4,8,55,100,500,NULL,NULL,NULL,NULL,NULL,NULL,NULL,NULL,NULL,1118.740544404132,1064.5967741935483,7.0,5569183.0,1271.4192979360564,0.002410430956881302,1.1045920353868233,0.3690876654925019,1.0360074281335556,NULL,NULL,NULL,NULL,NULL,NULL,NULL,NULL,NULL,NULL,NULL,NULL,NULL,NULL,NULL,NULL,NULL,NULL,NULL,NULL,96.95022252448544,NULL
